Workbook
Name Slicer_Column1: #N/A
Name Slicer_Quarter: #N/A
Name Slicer_Day: #N/A

Sheet Dashboard
B1: Non-Profit Operations Dashboard 2026
B4: Mock data dashboard tracking service delivery, income, donations, WEV outcomes, marketing activity, and volunteer support. Mock Data Portfolio Project inspired by Dress for Success operational reporting.
B6: Total Income | E6: Completion Rate | H6: Completed Styling | K6: WEV Employed | N6: Donations Received(Kg) | Q6: Re-Donations (Kg) | T6: Volunteer Count | W6: Volunteer Hours
B8: =GETPIVOTDATA("Sum of Total Income",'Pivot table'!$A$3) -> 68713.69 | E8: =GETPIVOTDATA("Sum of Completion Rate",'Pivot table'!$A$3) -> 0.86440678 | H8: =GETPIVOTDATA("Sum of Total Completed Styling Services",'Pivot table'!$A$3) -> 765 | K8: =GETPIVOTDATA("Sum of WEV Employed",'Pivot table'!$A$3) -> 33 | N8: =GETPIVOTDATA("Sum of Donations Received kg",'Pivot table'!$A$3) -> 7603.5 | Q8: =GETPIVOTDATA("Sum of Re-Donations kg",'Pivot table'!$A$3) -> 1138.6 | T8: =GETPIVOTDATA("Sum of Volunteer Count Total",'Pivot table'!$A$3) -> 2856 | W8: =GETPIVOTDATA("Sum of Volunteer Hours Total",'Pivot table'!$A$3) -> 10665.5

Sheet Pivot table
A3: Sum of Total Stylings Registrations | B3: Sum of Total Completed Styling Services | C3: Sum of Completion Rate | D3: Sum of Volunteer Count Total | E3: Sum of Volunteer Hours Total | F3: Sum of Total Income | G3: Sum of Donations Received kg | H3: Sum of Re-Donations kg | I3: Sum of WEV Employed
A4: 885 | B4: 765 | C4: 0.86440678 | D4: 2856 | E4: 10665.5 | F4: 68713.69 | G4: 7603.5 | H4: 1138.6 | I4: 33
A6: Month | B6: Sum of Total Income
A7: January | B7: 6313.46
A8: February | B8: 5695.08
A9: March | B9: 4999.83
A10: April | B10: 4884
A11: May | B11: 5384.65
A12: June | B12: 6499
A13: July | B13: 5647.43
A14: August | B14: 5173.04
A15: September | B15: 7142.4
A16: October | B16: 6152.84
A17: November | B17: 5321.49
A18: December | B18: 5500.47
A19: Grand Total | B19: 68713.69
A21: Month | B21: Sum of Interview Styling Completed | C21: Sum of Confidence Styling Completed
A22: January | B22: 39 | C22: 27
A23: February | B23: 32 | C23: 24
A24: March | B24: 42 | C24: 34
A25: April | B25: 45 | C25: 21
A26: May | B26: 29 | C26: 30
A27: June | B27: 35 | C27: 27
A28: July | B28: 39 | C28: 26
A29: August | B29: 44 | C29: 33
A30: September | B30: 39 | C30: 26
A31: October | B31: 44 | C31: 23
A32: November | B32: 29 | C32: 22
A33: December | B33: 25 | C33: 30
A34: Grand Total | B34: 442 | C34: 323
A36: Sum of Total Male | B36: Sum of Total Female | C36: Sum of Total Non-Binary | E36: Gender | F36: Total
A37: 198 | B37: 559 | C37: 8 | E37: Male | F37: =GETPIVOTDATA("Sum of Total Male",$A$36) -> 198
E38: Female | F38: =GETPIVOTDATA("Sum of Total Female",$A$36) -> 559
E39: Non-Binary | F39: =GETPIVOTDATA("Sum of Total Non-Binary",$A$36) -> 8
A42: Sum of WEV Registrations | B42: Sum of WEV Onboarded | C42: Sum of WEV Offboarded | D42: Sum of WEV Employed | F42: WEV Stage | G42: Total
A43: 171 | B43: 70 | C43: 71 | D43: 33 | F43: Registrations | G43: =GETPIVOTDATA("Sum of WEV Registrations",$A$42) -> 171
F44: Onboarded | G44: =GETPIVOTDATA("Sum of WEV Onboarded",$A$42) -> 70
F45: Offboarded | G45: =GETPIVOTDATA("Sum of WEV Offboarded",$A$42) -> 71
F46: Employed | G46: =GETPIVOTDATA("Sum of WEV Employed",$A$42) -> 33
A48: Month | B48: Sum of Donations Received kg | C48: Sum of Re-Donations kg
A49: January | B49: 668 | C49: 139.5
A50: February | B50: 635.9 | C50: 78.8
A51: March | B51: 713.6 | C51: 51.8
A52: April | B52: 600.2 | C52: 102.1
A53: May | B53: 668.8 | C53: 100.4
A54: June | B54: 433 | C54: 98
A55: July | B55: 880.9 | C55: 79.8
A56: August | B56: 579.1 | C56: 99.7
A57: September | B57: 578.3 | C57: 117.8
A58: October | B58: 751.4 | C58: 96.6
A59: November | B59: 529.7 | C59: 116.8
A60: December | B60: 564.6 | C60: 57.3
A61: Grand Total | B61: 7603.5 | C61: 1138.6
A63: Month | B63: Sum of Social Media Outreach | C63: Sum of Social Media Engagement
A64: January | B64: 27673 | C64: 2584
A65: February | B65: 23930 | C65: 2078
A66: March | B66: 25291 | C66: 2616
A67: April | B67: 27386 | C67: 1937
A68: May | B68: 22175 | C68: 1962
A69: June | B69: 22910 | C69: 2429
A70: July | B70: 24105 | C70: 2248
A71: August | B71: 20359 | C71: 1671
A72: September | B72: 27038 | C72: 2700
A73: October | B73: 27642 | C73: 2235
A74: November | B74: 26466 | C74: 2545
A75: December | B75: 24946 | C75: 2199
A76: Grand Total | B76: 299921 | C76: 27204

Sheet Raw_Data
A1: Month | B1: Quarter | C1: Week | D1: Date | E1: Day | F1: Interview Styling Registrations | G1: Interview Styling Completed | H1: Interview Styling Male | I1: Interview Styling Female | J1: Interview Styling Non-Binary | K1: Confidence Styling Registrations | L1: Confidence Styling Completed | M1: Confidence Styling Male | N1: Confidence Styling Female | O1: Confidence Styling Non-Binary | P1: WEV Registrations | Q1: WEV Onboarded | R1: WEV Offboarded | S1: WEV Employed | T1: Donations Received kg | U1: Re-Donations kg | V1: Customers Purchased | W1: Total Income | X1: Social Media Outreach | Y1: Social Media Engagement | Z1: Volunteer Count Retail | AA1: Volunteer Count HR | AB1: Volunteer Count Business Support | AC1: Volunteer Count Marketing | AD1: Volunteer Count Stylist | AE1: Volunteer Count Clothing Management | AF1: Volunteer Count Total | AG1: Volunteer Hours Retail | AH1: Volunteer Hours HR | AI1: Volunteer Hours Business Support | AJ1: Volunteer Hours Marketing | AK1: Volunteer Hours Stylist | AL1: Volunteer Hours Clothing Management | AM1: Volunteer Hours Total | AN1: Total Stylings Registrations | AO1: Total Completed Styling Services | AP1: Total Male | AQ1: Total Female | AR1: Total Non-Binary
A2: January | B2: Q1 | C2: Week 1 | D2: 46023 | E2: =TEXT(D2,"dddd") -> Thursday | F2: 3 | G2: 3 | H2: 0 | I2: 3 | J2: 0 | K2: 1 | L2: 0 | M2: 0 | N2: 0 | O2: 0 | P2: 1 | Q2: 0 | R2: 0 | S2: 0 | T2: 0 | U2: 0 | V2: 3 | W2: 85.25 | X2: 1636 | Y2: 153 | Z2: 2 | AA2: 2 | AB2: 2 | AC2: 0 | AD2: 4 | AE2: 1 | AF2: 11 | AG2: 9 | AH2: 7.5 | AI2: 9 | AJ2: 0 | AK2: 18.5 | AL2: 4 | AM2: 48 | AN2: =tbl_operations[[#This Row],[Interview Styling Registrations]]+tbl_operations[[#This Row],[Confidence Styling Registrations]] -> 4 | AO2: =tbl_operations[[#This Row],[Interview Styling Completed]]+tbl_operations[[#This Row],[Confidence Styling Completed]] -> 3 | AP2: =tbl_operations[[#This Row],[Interview Styling Male]]+tbl_operations[[#This Row],[Confidence Styling Male]] -> 0 | AQ2: =tbl_operations[[#This Row],[Interview Styling Female]]+tbl_operations[[#This Row],[Confidence Styling Female]] -> 3 | AR2: =tbl_operations[[#This Row],[Interview Styling Non-Binary]]+tbl_operations[[#This Row],[Confidence Styling Non-Binary]] -> 0
A3: January | B3: Q1 | C3: Week 1 | D3: 46024 | E3: =TEXT(D3,"dddd") -> Friday | F3: 3 | G3: 3 | H3: 1 | I3: 2 | J3: 0 | K3: 0 | L3: 0 | M3: 0 | N3: 0 | O3: 0 | P3: 1 | Q3: 1 | R3: 0 | S3: 0 | T3: 55.6 | U3: 0 | V3: 17 | W3: 443.68 | X3: 811 | Y3: 85 | Z3: 3 | AA3: 1 | AB3: 0 | AC3: 0 | AD3: 1 | AE3: 3 | AF3: 8 | AG3: 13 | AH3: 4 | AI3: 0 | AJ3: 0 | AK3: 5.5 | AL3: 7.5 | AM3: 30 | AN3: =tbl_operations[[#This Row],[Interview Styling Registrations]]+tbl_operations[[#This Row],[Confidence Styling Registrations]] -> 3 | AO3: =tbl_operations[[#This Row],[Interview Styling Completed]]+tbl_operations[[#This Row],[Confidence Styling Completed]] -> 3 | AP3: =tbl_operations[[#This Row],[Interview Styling Male]]+tbl_operations[[#This Row],[Confidence Styling Male]] -> 1 | AQ3: =tbl_operations[[#This Row],[Interview Styling Female]]+tbl_operations[[#This Row],[Confidence Styling Female]] -> 2 | AR3: =tbl_operations[[#This Row],[Interview Styling Non-Binary]]+tbl_operations[[#This Row],[Confidence Styling Non-Binary]] -> 0
A4: January | B4: Q1 | C4: Week 2 | D4: 46027 | E4: =TEXT(D4,"dddd") -> Monday | F4: 1 | G4: 1 | H4: 1 | I4: 0 | J4: 0 | K4: 2 | L4: 2 | M4: 1 | N4: 1 | O4: 0 | P4: 1 | Q4: 0 | R4: 0 | S4: 0 | T4: 0 | U4: 7.2 | V4: 8 | W4: 211.98 | X4: 295 | Y4: 18 | Z4: 4 | AA4: 1 | AB4: 0 | AC4: 0 | AD4: 4 | AE4: 2 | AF4: 11 | AG4: 12.5 | AH4: 2.5 | AI4: 0 | AJ4: 0 | AK4: 10.5 | AL4: 9 | AM4: 34.5 | AN4: =tbl_operations[[#This Row],[Interview Styling Registrations]]+tbl_operations[[#This Row],[Confidence Styling Registrations]] -> 3 | AO4: =tbl_operations[[#This Row],[Interview Styling Completed]]+tbl_operations[[#This Row],[Confidence Styling Completed]] -> 3 | AP4: =tbl_operations[[#This Row],[Interview Styling Male]]+tbl_operations[[#This Row],[Confidence Styling Male]] -> 2 | AQ4: =tbl_operations[[#This Row],[Interview Styling Female]]+tbl_operations[[#This Row],[Confidence Styling Female]] -> 1 | AR4: =tbl_operations[[#This Row],[Interview Styling Non-Binary]]+tbl_operations[[#This Row],[Confidence Styling Non-Binary]] -> 0
A5: January | B5: Q1 | C5: Week 2 | D5: 46028 | E5: =TEXT(D5,"dddd") -> Tuesday | F5: 1 | G5: 0 | H5: 0 | I5: 0 | J5: 0 | K5: 2 | L5: 2 | M5: 1 | N5: 1 | O5: 0 | P5: 1 | Q5: 0 | R5: 1 | S5: 0 | T5: 38.9 | U5: 4.9 | V5: 16 | W5: 194.65 | X5: 726 | Y5: 69 | Z5: 1 | AA5: 1 | AB5: 1 | AC5: 0 | AD5: 4 | AE5: 3 | AF5: 10 | AG5: 5.5 | AH5: 3.5 | AI5: 4 | AJ5: 0 | AK5: 10.5 | AL5: 10.5 | AM5: 34 | AN5: =tbl_operations[[#This Row],[Interview Styling Registrations]]+tbl_operations[[#This Row],[Confidence Styling Registrations]] -> 3 | AO5: =tbl_operations[[#This Row],[Interview Styling Completed]]+tbl_operations[[#This Row],[Confidence Styling Completed]] -> 2 | AP5: =tbl_operations[[#This Row],[Interview Styling Male]]+tbl_operations[[#This Row],[Confidence Styling Male]] -> 1 | AQ5: =tbl_operations[[#This Row],[Interview Styling Female]]+tbl_operations[[#This Row],[Confidence Styling Female]] -> 1 | AR5: =tbl_operations[[#This Row],[Interview Styling Non-Binary]]+tbl_operations[[#This Row],[Confidence Styling Non-Binary]] -> 0
A6: January | B6: Q1 | C6: Week 2 | D6: 46029 | E6: =TEXT(D6,"dddd") -> Wednesday | F6: 4 | G6: 3 | H6: 0 | I6: 3 | J6: 0 | K6: 0 | L6: 0 | M6: 0 | N6: 0 | O6: 0 | P6: 0 | Q6: 0 | R6: 0 | S6: 0 | T6: 20.9 | U6: 5.6 | V6: 9 | W6: 256.81 | X6: 1368 | Y6: 72 | Z6: 4 | AA6: 0 | AB6: 2 | AC6: 1 | AD6: 2 | AE6: 3 | AF6: 12 | AG6: 9 | AH6: 0 | AI6: 7.5 | AJ6: 2.5 | AK6: 4.5 | AL6: 8.5 | AM6: 32 | AN6: =tbl_operations[[#This Row],[Interview Styling Registrations]]+tbl_operations[[#This Row],[Confidence Styling Registrations]] -> 4 | AO6: =tbl_operations[[#This Row],[Interview Styling Completed]]+tbl_operations[[#This Row],[Confidence Styling Completed]] -> 3 | AP6: =tbl_operations[[#This Row],[Interview Styling Male]]+tbl_operations[[#This Row],[Confidence Styling Male]] -> 0 | AQ6: =tbl_operations[[#This Row],[Interview Styling Female]]+tbl_operations[[#This Row],[Confidence Styling Female]] -> 3 | AR6: =tbl_operations[[#This Row],[Interview Styling Non-Binary]]+tbl_operations[[#This Row],[Confidence Styling Non-Binary]] -> 0
A7: January | B7: Q1 | C7: Week 2 | D7: 46030 | E7: =TEXT(D7,"dddd") -> Thursday | F7: 1 | G7: 1 | H7: 1 | I7: 0 | J7: 0 | K7: 3 | L7: 2 | M7: 1 | N7: 1 | O7: 0 | P7: 0 | Q7: 1 | R7: 1 | S7: 0 | T7: 27.7 | U7: 6.7 | V7: 16 | W7: 320.91 | X7: 1839 | Y7: 232 | Z7: 1 | AA7: 1 | AB7: 0 | AC7: 0 | AD7: 1 | AE7: 4 | AF7: 7 | AG7: 4 | AH7: 4.5 | AI7: 0 | AJ7: 0 | AK7: 3.5 | AL7: 11.5 | AM7: 23.5 | AN7: =tbl_operations[[#This Row],[Interview Styling Registrations]]+tbl_operations[[#This Row],[Confidence Styling Registrations]] -> 4 | AO7: =tbl_operations[[#This Row],[Interview Styling Completed]]+tbl_operations[[#This Row],[Confidence Styling Completed]] -> 3 | AP7: =tbl_operations[[#This Row],[Interview Styling Male]]+tbl_operations[[#This Row],[Confidence Styling Male]] -> 2 | AQ7: =tbl_operations[[#This Row],[Interview Styling Female]]+tbl_operations[[#This Row],[Confidence Styling Female]] -> 1 | AR7: =tbl_operations[[#This Row],[Interview Styling Non-Binary]]+tbl_operations[[#This Row],[Confidence Styling Non-Binary]] -> 0
A8: January | B8: Q1 | C8: Week 2 | D8: 46031 | E8: =TEXT(D8,"dddd") -> Friday | F8: 0 | G8: 0 | H8: 0 | I8: 0 | J8: 0 | K8: 3 | L8: 2 | M8: 1 | N8: 1 | O8: 0 | P8: 0 | Q8: 0 | R8: 1 | S8: 0 | T8: 63.3 | U8: 16.1 | V8: 16 | W8: 200.85 | X8: 1285 | Y8: 142 | Z8: 3 | AA8: 0 | AB8: 2 | AC8: 1 | AD8: 2 | AE8: 2 | AF8: 10 | AG8: 10.5 | AH8: 0 | AI8: 9 | AJ8: 3 | AK8: 10.5 | AL8: 10.5 | AM8: 43.5 | AN8: =tbl_operations[[#This Row],[Interview Styling Registrations]]+tbl_operations[[#This Row],[Confidence Styling Registrations]] -> 3 | AO8: =tbl_operations[[#This Row],[Interview Styling Completed]]+tbl_operations[[#This Row],[Confidence Styling Completed]] -> 2 | AP8: =tbl_operations[[#This Row],[Interview Styling Male]]+tbl_operations[[#This Row],[Confidence Styling Male]] -> 1 | AQ8: =tbl_operations[[#This Row],[Interview Styling Female]]+tbl_operations[[#This Row],[Confidence Styling Female]] -> 1 | AR8: =tbl_operations[[#This Row],[Interview Styling Non-Binary]]+tbl_operations[[#This Row],[Confidence Styling Non-Binary]] -> 0
A9: January | B9: Q1 | C9: Week 3 | D9: 46034 | E9: =TEXT(D9,"dddd") -> Monday | F9: 2 | G9: 2 | H9: 0 | I9: 2 | J9: 0 | K9: 2 | L9: 2 | M9: 0 | N9: 2 | O9: 0 | P9: 1 | Q9: 0 | R9: 1 | S9: 0 | T9: 25.5 | U9: 8.1 | V9: 11 | W9: 141.98 | X9: 970 | Y9: 52 | Z9: 4 | AA9: 1 | AB9: 0 | AC9: 1 | AD9: 3 | AE9: 3 | AF9: 12 | AG9: 20.5 | AH9: 2.5 | AI9: 0 | AJ9: 3.5 | AK9: 15.5 | AL9: 14.5 | AM9: 56.5 | AN9: =tbl_operations[[#This Row],[Interview Styling Registrations]]+tbl_operations[[#This Row],[Confidence Styling Registrations]] -> 4 | AO9: =tbl_operations[[#This Row],[Interview Styling Completed]]+tbl_operations[[#This Row],[Confidence Styling Completed]] -> 4 | AP9: =tbl_operations[[#This Row],[Interview Styling Male]]+tbl_operations[[#This Row],[Confidence Styling Male]] -> 0 | AQ9: =tbl_operations[[#This Row],[Interview Styling Female]]+tbl_operations[[#This Row],[Confidence Styling Female]] -> 4 | AR9: =tbl_operations[[#This Row],[Interview Styling Non-Binary]]+tbl_operations[[#This Row],[Confidence Styling Non-Binary]] -> 0
A10: January | B10: Q1 | C10: Week 3 | D10: 46035 | E10: =TEXT(D10,"dddd") -> Tuesday | F10: 3 | G10: 3 | H10: 1 | I10: 2 | J10: 0 | K10: 0 | L10: 0 | M10: 0 | N10: 0 | O10: 0 | P10: 0 | Q10: 0 | R10: 0 | S10: 1 | T10: 59.4 | U10: 7.7 | V10: 11 | W10: 275.98 | X10: 1484 | Y10: 151 | Z10: 2 | AA10: 0 | AB10: 2 | AC10: 1 | AD10: 5 | AE10: 2 | AF10: 12 | AG10: 6.5 | AH10: 0 | AI10: 9 | AJ10: 4 | AK10: 17 | AL10: 8.5 | AM10: 45 | AN10: =tbl_operations[[#This Row],[Interview Styling Registrations]]+tbl_operations[[#This Row],[Confidence Styling Registrations]] -> 3 | AO10: =tbl_operations[[#This Row],[Interview Styling Completed]]+tbl_operations[[#This Row],[Confidence Styling Completed]] -> 3 | AP10: =tbl_operations[[#This Row],[Interview Styling Male]]+tbl_operations[[#This Row],[Confidence Styling Male]] -> 1 | AQ10: =tbl_operations[[#This Row],[Interview Styling Female]]+tbl_operations[[#This Row],[Confidence Styling Female]] -> 2 | AR10: =tbl_operations[[#This Row],[Interview Styling Non-Binary]]+tbl_operations[[#This Row],[Confidence Styling Non-Binary]] -> 0
A11: January | B11: Q1 | C11: Week 3 | D11: 46036 | E11: =TEXT(D11,"dddd") -> Wednesday | F11: 1 | G11: 1 | H11: 0 | I11: 1 | J11: 0 | K11: 1 | L11: 1 | M11: 0 | N11: 1 | O11: 0 | P11: 0 | Q11: 1 | R11: 1 | S11: 0 | T11: 0 | U11: 0 | V11: 17 | W11: 459.37 | X11: 793 | Y11: 85 | Z11: 2 | AA11: 2 | AB11: 1 | AC11: 2 | AD11: 4 | AE11: 2 | AF11: 13 | AG11: 7.5 | AH11: 7.5 | AI11: 5.5 | AJ11: 6.5 | AK11: 11.5 | AL11: 5.5 | AM11: 44 | AN11: =tbl_operations[[#This Row],[Interview Styling Registrations]]+tbl_operations[[#This Row],[Confidence Styling Registrations]] -> 2 | AO11: =tbl_operations[[#This Row],[Interview Styling Completed]]+tbl_operations[[#This Row],[Confidence Styling Completed]] -> 2 | AP11: =tbl_operations[[#This Row],[Interview Styling Male]]+tbl_operations[[#This Row],[Confidence Styling Male]] -> 0 | AQ11: =tbl_operations[[#This Row],[Interview Styling Female]]+tbl_operations[[#This Row],[Confidence Styling Female]] -> 2 | AR11: =tbl_operations[[#This Row],[Interview Styling Non-Binary]]+tbl_operations[[#This Row],[Confidence Styling Non-Binary]] -> 0
A12: January | B12: Q1 | C12: Week 3 | D12: 46037 | E12: =TEXT(D12,"dddd") -> Thursday | F12: 2 | G12: 2 | H12: 0 | I12: 2 | J12: 0 | K12: 3 | L12: 2 | M12: 0 | N12: 2 | O12: 0 | P12: 2 | Q12: 0 | R12: 0 | S12: 0 | T12: 0 | U12: 8.2 | V12: 3 | W12: 65.75 | X12: 736 | Y12: 15 | Z12: 4 | AA12: 0 | AB12: 1 | AC12: 1 | AD12: 3 | AE12: 4 | AF12: 13 | AG12: 13 | AH12: 0 | AI12: 3 | AJ12: 4.5 | AK12: 13 | AL12: 21.5 | AM12: 55 | AN12: =tbl_operations[[#This Row],[Interview Styling Registrations]]+tbl_operations[[#This Row],[Confidence Styling Registrations]] -> 5 | AO12: =tbl_operations[[#This Row],[Interview Styling Completed]]+tbl_operations[[#This Row],[Confidence Styling Completed]] -> 4 | AP12: =tbl_operations[[#This Row],[Interview Styling Male]]+tbl_operations[[#This Row],[Confidence Styling Male]] -> 0 | AQ12: =tbl_operations[[#This Row],[Interview Styling Female]]+tbl_operations[[#This Row],[Confidence Styling Female]] -> 4 | AR12: =tbl_operations[[#This Row],[Interview Styling Non-Binary]]+tbl_operations[[#This Row],[Confidence Styling Non-Binary]] -> 0
A13: January | B13: Q1 | C13: Week 3 | D13: 46038 | E13: =TEXT(D13,"dddd") -> Friday | F13: 4 | G13: 4 | H13: 1 | I13: 3 | J13: 0 | K13: 1 | L13: 0 | M13: 0 | N13: 0 | O13: 0 | P13: 1 | Q13: 1 | R13: 0 | S13: 0 | T13: 0 | U13: 17.3 | V13: 15 | W13: 435.96 | X13: 1100 | Y13: 169 | Z13: 4 | AA13: 1 | AB13: 2 | AC13: 0 | AD13: 5 | AE13: 4 | AF13: 16 | AG13: 9 | AH13: 3.5 | AI13: 6.5 | AJ13: 0 | AK13: 23 | AL13: 17 | AM13: 59 | AN13: =tbl_operations[[#This Row],[Interview Styling Registrations]]+tbl_operations[[#This Row],[Confidence Styling Registrations]] -> 5 | AO13: =tbl_operations[[#This Row],[Interview Styling Completed]]+tbl_operations[[#This Row],[Confidence Styling Completed]] -> 4 | AP13: =tbl_operations[[#This Row],[Interview Styling Male]]+tbl_operations[[#This Row],[Confidence Styling Male]] -> 1 | AQ13: =tbl_operations[[#This Row],[Interview Styling Female]]+tbl_operations[[#This Row],[Confidence Styling Female]] -> 3 | AR13: =tbl_operations[[#This Row],[Interview Styling Non-Binary]]+tbl_operations[[#This Row],[Confidence Styling Non-Binary]] -> 0
... A262: December | B262: Q4 | C262: Week 5 | D262: 46387 | E262: =TEXT(D262,"dddd") -> Thursday | F262: 3 | G262: 2 | H262: 0 | I262: 2 | J262: 0 | K262: 2 | L262: 2 | M262: 0 | N262: 2 | O262: 0 | P262: 0 | Q262: 1 | R262: 0 | S262: 1 | T262: 12.9 | U262: 0 | V262: 14 | W262: 309.64 | X262: 1880 | Y262: 117 | Z262: 2 | AA262: 0 | AB262: 0 | AC262: 1 | AD262: 3 | AE262: 2 | AF262: 8 | AG262: 4.5 | AH262: 0 | AI262: 0 | AJ262: 5.5 | AK262: 10.5 | AL262: 7 | AM262: 27.5 | AN262: =tbl_operations[[#This Row],[Interview Styling Registrations]]+tbl_operations[[#This Row],[Confidence Styling Registrations]] -> 5 | AO262: =tbl_operations[[#This Row],[Interview Styling Completed]]+tbl_operations[[#This Row],[Confidence Styling Completed]] -> 4 | AP262: =tbl_operations[[#This Row],[Interview Styling Male]]+tbl_operations[[#This Row],[Confidence Styling Male]] -> 0 | AQ262: =tbl_operations[[#This Row],[Interview Styling Female]]+tbl_operations[[#This Row],[Confidence Styling Female]] -> 4 | AR262: =tbl_operations[[#This Row],[Interview Styling Non-Binary]]+tbl_operations[[#This Row],[Confidence Styling Non-Binary]] -> 0

Sheet Monthly Report
E1: MONTHLY OPERATIONS REPORT - YFS - WELLINGTON HUB
C4: Interview Styling | H4: Confidence Styling | M4: WEV Program | Q4: Donations(kg) | S4: Terrace Income | U4: Marketing | W4: Volunteer Count by category | AD4: Volunteer Hours by category
B5: MONTH | C5: Registrations | D5: Completed | E5: Male | F5: Female | G5: Non-Binary | H5: Registrations | I5: Completed | J5: Male | K5: Female | L5: Non-Binary | M5: Registrations | N5: Onboarded | O5: Offboarded | P5: Employed | Q5: Donations Received | R5: Re-Donations | S5: Customers Purchased | T5: Total Income | U5: Social Media Outreach | V5: Social Media Engagement | W5: Retail | X5: HR | Y5: Business Supprt | Z5: Marketing | AA5: Stylist | AB5: Clothing Management | AC5: Total | AD5: Retail | AE5: HR | AF5: Business Support | AG5: Marketing | AH5: Stylist | AI5: Clothing Management | AJ5: Total
B6: January | C6: =January!C36 -> 46 | D6: =January!D36 -> 39 | E6: =January!E36 -> 8 | F6: =January!F36 -> 31 | G6: =January!G36 -> 0 | H6: =January!H36 -> 33 | I6: =January!I36 -> 27 | J6: =January!J36 -> 7 | ... AJ6: =January!AJ36 -> 931
B7: February | C7: =February!C36 -> 39 | D7: =February!D36 -> 32 | E7: =February!E36 -> 9 | F7: =February!F36 -> 23 | G7: =February!G36 -> 0 | H7: =February!H36 -> 30 | I7: =February!I36 -> 24 | J7: =February!J36 -> 6 | ... AJ7: =February!AJ36 -> 825.5
B8: March | C8: =March!C36 -> 46 | D8: =March!D36 -> 42 | E8: =March!E36 -> 8 | F8: =March!F36 -> 33 | G8: =March!G36 -> 1 | H8: =March!H36 -> 37 | I8: =March!I36 -> 34 | J8: =March!J36 -> 14 | ... AJ8: =March!AJ36 -> 876.5
B9: April | C9: =April!C36 -> 49 | D9: =April!D36 -> 45 | E9: =April!E36 -> 7 | F9: =April!F36 -> 38 | G9: =April!G36 -> 0 | H9: =April!H36 -> 25 | I9: =April!I36 -> 21 | J9: =April!J36 -> 8 | ... AJ9: =April!AJ36 -> 852.5
B10: May | C10: =May!C36 -> 34 | D10: =May!D36 -> 29 | E10: =May!E36 -> 9 | F10: =May!F36 -> 20 | G10: =May!G36 -> 0 | H10: =May!H36 -> 35 | I10: =May!I36 -> 30 | J10: =May!J36 -> 8 | ... AJ10: =May!AJ36 -> 816
B11: June | C11: =June!C36 -> 39 | D11: =June!D36 -> 35 | E11: =June!E36 -> 10 | F11: =June!F36 -> 24 | G11: =June!G36 -> 1 | H11: =June!H36 -> 32 | I11: =June!I36 -> 27 | J11: =June!J36 -> 8 | ... AJ11: =June!AJ36 -> 878.5
B12: July | C12: =July!C36 -> 41 | D12: =July!D36 -> 39 | E12: =July!E36 -> 8 | F12: =July!F36 -> 29 | G12: =July!G36 -> 2 | H12: =July!H36 -> 29 | I12: =July!I36 -> 26 | J12: =July!J36 -> 8 | ... AJ12: =July!AJ36 -> 946
B13: August | C13: =August!C36 -> 46 | D13: =August!D36 -> 44 | E13: =August!E36 -> 9 | F13: =August!F36 -> 35 | G13: =August!G36 -> 0 | H13: =August!H36 -> 40 | I13: =August!I36 -> 33 | J13: =August!J36 -> 9 | ... AJ13: =August!AJ36 -> 941.5
B14: September | C14: =September!C36 -> 45 | D14: =September!D36 -> 39 | E14: =September!E36 -> 5 | F14: =September!F36 -> 34 | G14: =September!G36 -> 0 | H14: =September!H36 -> 30 | I14: =September!I36 -> 26 | J14: =September!J36 -> 10 | ... AJ14: =September!AJ36 -> 924
B15: October | C15: =October!C36 -> 48 | D15: =October!D36 -> 44 | E15: =October!E36 -> 7 | F15: =October!F36 -> 36 | G15: =October!G36 -> 1 | H15: =October!H36 -> 27 | I15: =October!I36 -> 23 | J15: =October!J36 -> 8 | ... AJ15: =October!AJ36 -> 939
B16: November | C16: =November!C36 -> 35 | D16: =November!D36 -> 29 | E16: =November!E36 -> 9 | F16: =November!F36 -> 20 | G16: =November!G36 -> 0 | H16: =November!H36 -> 27 | I16: =November!I36 -> 22 | J16: =November!J36 -> 7 | ... AJ16: =November!AJ36 -> 832
B17: December | C17: =December!C36 -> 33 | D17: =December!D36 -> 25 | E17: =December!E36 -> 9 | F17: =December!F36 -> 16 | G17: =December!G36 -> 0 | H17: =December!H36 -> 39 | I17: =December!I36 -> 30 | J17: =December!J36 -> 7 | ... AJ17: =December!AJ36 -> 903
B18: Grand total | C18: =SUM(C6:C17) -> 501 | D18: =SUM(D6:D17) -> 442 | E18: =SUM(E6:E17) -> 98 | F18: =SUM(F6:F17) -> 339 | G18: =SUM(G6:G17) -> 5 | H18: =SUM(H6:H17) -> 384 | I18: =SUM(I6:I17) -> 323 | J18: =SUM(J6:J17) -> 100 | ... AJ18: =SUM(AJ6:AJ17) -> 10665.5

Sheet Weekly Report
C1: MONTHLY OPERATIONS REPORT - YFS - WELLINGTON HUB
C4: Interview Styling | H4: Confidence Styling | M4: WEV Program | Q4: Donations(kg) | S4: Terrace Income | U4: Marketing | W4: Volunteer Count by category | AD4: Volunteer Hours by category
A5: MONTH | B5: WEEK | C5: Registrations | D5: Completed | E5: Male | F5: Female | G5: Non-Binary | H5: Registrations | I5: Completed | J5: Male | K5: Female | L5: Non-Binary | M5: Registrations | N5: Onboarded | O5: Offboarded | P5: Employed | Q5: Donations Received | R5: Re-Donations | S5: Customers Purchased | T5: Total Income | U5: Social Media Outreach | V5: Social Media Engagement | W5: Retail | X5: HR | Y5: Business Supprt | Z5: Marketing | AA5: Stylist | AB5: Clothing Management | AC5: Total | AD5: Retail | AE5: HR | AF5: Business Support | AG5: Marketing | AH5: Stylist | AI5: Clothing Management | AJ5: Total
A6: January | B6: Week 1 | C6: =January!C11 -> 6 | D6: =January!D11 -> 6 | E6: =January!E11 -> 1 | F6: =January!F11 -> 5 | G6: =January!G11 -> 0 | H6: =January!H11 -> 1 | I6: =January!I11 -> 0 | J6: =January!J11 -> 0 | ... AJ6: =January!AJ11 -> 78
B7: Week 2 | C7: =January!C17 -> 7 | D7: =January!D17 -> 5 | E7: =January!E17 -> 2 | F7: =January!F17 -> 3 | G7: =January!G17 -> 0 | H7: =January!H17 -> 10 | I7: =January!I17 -> 8 | J7: =January!J17 -> 4 | ... AJ7: =January!AJ17 -> 167.5
B8: Week 3 | C8: =January!C23 -> 12 | D8: =January!D23 -> 12 | E8: =January!E23 -> 2 | F8: =January!F23 -> 10 | G8: =January!G23 -> 0 | H8: =January!H23 -> 7 | I8: =January!I23 -> 5 | J8: =January!J23 -> 0 | ... AJ8: =January!AJ23 -> 259.5
B9: Week 4 | C9: =January!C29 -> 12 | D9: =January!D29 -> 8 | E9: =January!E29 -> 3 | F9: =January!F29 -> 5 | G9: =January!G29 -> 0 | H9: =January!H29 -> 9 | I9: =January!I29 -> 8 | J9: =January!J29 -> 1 | ... AJ9: =January!AJ29 -> 229
B10: Week 5 | C10: =January!C35 -> 9 | D10: =January!D35 -> 8 | E10: =January!E35 -> 0 | F10: =January!F35 -> 8 | G10: =January!G35 -> 0 | H10: =January!H35 -> 6 | I10: =January!I35 -> 6 | J10: =January!J35 -> 2 | ... AJ10: =January!AJ35 -> 197
A11: TOTAL | C11: =SUM(C6:C10) -> 46 | D11: =SUM(D6:D10) -> 39 | E11: =SUM(E6:E10) -> 8 | F11: =SUM(F6:F10) -> 31 | G11: =SUM(G6:G10) -> 0 | H11: =SUM(H6:H10) -> 33 | I11: =SUM(I6:I10) -> 27 | J11: =SUM(J6:J10) -> 7 | ... AJ11: =SUM(AJ6:AJ10) -> 931
A12: February | B12: Week 6 | C12: =February!C11 -> 12 | D12: =February!D11 -> 9 | E12: =February!E11 -> 3 | F12: =February!F11 -> 6 | G12: =February!G11 -> 0 | H12: =February!H11 -> 11 | I12: =February!I11 -> 9 | J12: =February!J11 -> 1 | ... AJ12: =February!AJ11 -> 228.5
B13: Week 7 | C13: =February!C17 -> 12 | D13: =February!D17 -> 10 | E13: =February!E17 -> 3 | F13: =February!F17 -> 7 | G13: =February!G17 -> 0 | H13: =February!H17 -> 9 | I13: =February!I17 -> 7 | J13: =February!J17 -> 2 | ... AJ13: =February!AJ17 -> 219
B14: Week 8 | C14: =February!C23 -> 4 | D14: =February!D23 -> 3 | E14: =February!E23 -> 1 | F14: =February!F23 -> 2 | G14: =February!G23 -> 0 | H14: =February!H23 -> 6 | I14: =February!I23 -> 6 | J14: =February!J23 -> 2 | ... AJ14: =February!AJ23 -> 215.5
B15: Week 9 | C15: =February!C29 -> 11 | D15: =February!D29 -> 10 | E15: =February!E29 -> 2 | F15: =February!F29 -> 8 | G15: =February!G29 -> 0 | H15: =February!H29 -> 4 | I15: =February!I29 -> 2 | J15: =February!J29 -> 1 | ... AJ15: =February!AJ29 -> 162.5
B16: Week 10 | C16: =February!C35 -> 0 | D16: =February!D35 -> 0 | E16: =February!E35 -> 0 | F16: =February!F35 -> 0 | G16: =February!G35 -> 0 | H16: =February!H35 -> 0 | I16: =February!I35 -> 0 | J16: =February!J35 -> 0 | ... AJ16: =February!AJ35 -> 0
A17: TOTAL | C17: =SUM(C12:C16) -> 39 | D17: =SUM(D12:D16) -> 32 | E17: =SUM(E12:E16) -> 9 | F17: =SUM(F12:F16) -> 23 | G17: =SUM(G12:G16) -> 0 | H17: =SUM(H12:H16) -> 30 | I17: =SUM(I12:I16) -> 24 | J17: =SUM(J12:J16) -> 6 | ... AJ17: =SUM(AJ12:AJ16) -> 825.5
A18: March | B18: Week 11 | C18: =March!C11 -> 14 | D18: =March!D11 -> 13 | E18: =March!E11 -> 2 | F18: =March!F11 -> 11 | G18: =March!G11 -> 0 | H18: =March!H11 -> 10 | I18: =March!I11 -> 9 | J18: =March!J11 -> 4 | ... AJ18: =March!AJ11 -> 211
B19: Week 12 | C19: =March!C17 -> 5 | D19: =March!D17 -> 3 | E19: =March!E17 -> 0 | F19: =March!F17 -> 3 | G19: =March!G17 -> 0 | H19: =March!H17 -> 7 | I19: =March!I17 -> 6 | J19: =March!J17 -> 3 | ... AJ19: =March!AJ17 -> 189
B20: Week 13 | C20: =March!C23 -> 10 | D20: =March!D23 -> 10 | E20: =March!E23 -> 2 | F20: =March!F23 -> 7 | G20: =March!G23 -> 1 | H20: =March!H23 -> 9 | I20: =March!I23 -> 8 | J20: =March!J23 -> 3 | ... AJ20: =March!AJ23 -> 207
B21: Week 14 | C21: =March!C29 -> 15 | D21: =March!D29 -> 14 | E21: =March!E29 -> 3 | F21: =March!F29 -> 11 | G21: =March!G29 -> 0 | H21: =March!H29 -> 9 | I21: =March!I29 -> 9 | J21: =March!J29 -> 3 | ... AJ21: =March!AJ29 -> 199
B22: Week 15 | C22: =March!C35 -> 2 | D22: =March!D35 -> 2 | E22: =March!E35 -> 1 | F22: =March!F35 -> 1 | G22: =March!G35 -> 0 | H22: =March!H35 -> 2 | I22: =March!I35 -> 2 | J22: =March!J35 -> 1 | ... AJ22: =March!AJ35 -> 70.5
A23: TOTAL | C23: =SUM(C18:C22) -> 46 | D23: =SUM(D18:D22) -> 42 | E23: =SUM(E18:E22) -> 8 | F23: =SUM(F18:F22) -> 33 | G23: =SUM(G18:G22) -> 1 | H23: =SUM(H18:H22) -> 37 | I23: =SUM(I18:I22) -> 34 | J23: =SUM(J18:J22) -> 14 | ... AJ23: =SUM(AJ18:AJ22) -> 876.5
A24: April | B24: Week 16 | C24: =April!C11 -> 8 | D24: =April!D11 -> 7 | E24: =April!E11 -> 1 | F24: =April!F11 -> 6 | G24: =April!G11 -> 0 | H24: =April!H11 -> 3 | I24: =April!I11 -> 3 | J24: =April!J11 -> 1 | ... AJ24: =April!AJ11 -> 138.5
B25: Week 17 | C25: =April!C17 -> 12 | D25: =April!D17 -> 10 | E25: =April!E17 -> 2 | F25: =April!F17 -> 8 | G25: =April!G17 -> 0 | H25: =April!H17 -> 5 | I25: =April!I17 -> 4 | J25: =April!J17 -> 2 | ... AJ25: =April!AJ17 -> 166.5
B26: Week 18 | C26: =April!C23 -> 7 | D26: =April!D23 -> 7 | E26: =April!E23 -> 2 | F26: =April!F23 -> 5 | G26: =April!G23 -> 0 | H26: =April!H23 -> 6 | I26: =April!I23 -> 6 | J26: =April!J23 -> 1 | ... AJ26: =April!AJ23 -> 205
B27: Week 19 | C27: =April!C29 -> 11 | D27: =April!D29 -> 11 | E27: =April!E29 -> 1 | F27: =April!F29 -> 10 | G27: =April!G29 -> 0 | H27: =April!H29 -> 6 | I27: =April!I29 -> 5 | J27: =April!J29 -> 3 | ... AJ27: =April!AJ29 -> 177.5
B28: Week 20 | C28: =April!C35 -> 11 | D28: =April!D35 -> 10 | E28: =April!E35 -> 1 | F28: =April!F35 -> 9 | G28: =April!G35 -> 0 | H28: =April!H35 -> 5 | I28: =April!I35 -> 3 | J28: =April!J35 -> 1 | ... AJ28: =April!AJ35 -> 165
A29: TOTAL | C29: =SUM(C24:C28) -> 49 | D29: =SUM(D24:D28) -> 45 | E29: =SUM(E24:E28) -> 7 | F29: =SUM(F24:F28) -> 38 | G29: =SUM(G24:G28) -> 0 | H29: =SUM(H24:H28) -> 25 | I29: =SUM(I24:I28) -> 21 | J29: =SUM(J24:J28) -> 8 | ... AJ29: =SUM(AJ24:AJ28) -> 852.5
A30: May | B30: Week 21 | C30: =May!C11 -> 3 | D30: =May!D11 -> 3 | E30: =May!E11 -> 1 | F30: =May!F11 -> 2 | G30: =May!G11 -> 0 | H30: =May!H11 -> 3 | I30: =May!I11 -> 2 | J30: =May!J11 -> 0 | ... AJ30: =May!AJ11 -> 58.5
B31: Week 22 | C31: =May!C17 -> 12 | D31: =May!D17 -> 11 | E31: =May!E17 -> 2 | F31: =May!F17 -> 9 | G31: =May!G17 -> 0 | H31: =May!H17 -> 11 | I31: =May!I17 -> 11 | J31: =May!J17 -> 3 | ... AJ31: =May!AJ17 -> 152
B32: Week 23 | C32: =May!C23 -> 9 | D32: =May!D23 -> 7 | E32: =May!E23 -> 3 | F32: =May!F23 -> 4 | G32: =May!G23 -> 0 | H32: =May!H23 -> 5 | I32: =May!I23 -> 4 | J32: =May!J23 -> 1 | ... AJ32: =May!AJ23 -> 222
B33: Week 24 | C33: =May!C29 -> 5 | D33: =May!D29 -> 3 | E33: =May!E29 -> 1 | F33: =May!F29 -> 2 | G33: =May!G29 -> 0 | H33: =May!H29 -> 10 | I33: =May!I29 -> 8 | J33: =May!J29 -> 2 | ... AJ33: =May!AJ29 -> 175.5
B34: Week 25 | C34: =May!C35 -> 5 | D34: =May!D35 -> 5 | E34: =May!E35 -> 2 | F34: =May!F35 -> 3 | G34: =May!G35 -> 0 | H34: =May!H35 -> 6 | I34: =May!I35 -> 5 | J34: =May!J35 -> 2 | ... AJ34: =May!AJ35 -> 208
A35: TOTAL | C35: =SUM(C30:C34) -> 34 | D35: =SUM(D30:D34) -> 29 | E35: =SUM(E30:E34) -> 9 | F35: =SUM(F30:F34) -> 20 | G35: =SUM(G30:G34) -> 0 | H35: =SUM(H30:H34) -> 35 | I35: =SUM(I30:I34) -> 30 | J35: =SUM(J30:J34) -> 8 | ... AJ35: =SUM(AJ30:AJ34) -> 816
A36: June | B36: Week 26 | C36: =June!C11 -> 8 | D36: =June!D11 -> 7 | E36: =June!E11 -> 3 | F36: =June!F11 -> 3 | G36: =June!G11 -> 1 | H36: =June!H11 -> 9 | I36: =June!I11 -> 7 | J36: =June!J11 -> 3 | ... AJ36: =June!AJ11 -> 209
B37: Week 27 | C37: =June!C17 -> 8 | D37: =June!D17 -> 7 | E37: =June!E17 -> 3 | F37: =June!F17 -> 4 | G37: =June!G17 -> 0 | H37: =June!H17 -> 9 | I37: =June!I17 -> 8 | J37: =June!J17 -> 2 | ... AJ37: =June!AJ17 -> 190.5
B38: Week 28 | C38: =June!C23 -> 9 | D38: =June!D23 -> 8 | E38: =June!E23 -> 1 | F38: =June!F23 -> 7 | G38: =June!G23 -> 0 | H38: =June!H23 -> 5 | I38: =June!I23 -> 4 | J38: =June!J23 -> 2 | ... AJ38: =June!AJ23 -> 171.5
B39: Week 29 | C39: =June!C29 -> 11 | D39: =June!D29 -> 10 | E39: =June!E29 -> 2 | F39: =June!F29 -> 8 | G39: =June!G29 -> 0 | H39: =June!H29 -> 6 | I39: =June!I29 -> 6 | J39: =June!J29 -> 1 | ... AJ39: =June!AJ29 -> 242
B40: Week 30 | C40: =June!C35 -> 3 | D40: =June!D35 -> 3 | E40: =June!E35 -> 1 | F40: =June!F35 -> 2 | G40: =June!G35 -> 0 | H40: =June!H35 -> 3 | I40: =June!I35 -> 2 | J40: =June!J35 -> 0 | ... AJ40: =June!AJ35 -> 65.5
A41: TOTAL | C41: =SUM(C36:C40) -> 39 | D41: =SUM(D36:D40) -> 35 | E41: =SUM(E36:E40) -> 10 | F41: =SUM(F36:F40) -> 24 | G41: =SUM(G36:G40) -> 1 | H41: =SUM(H36:H40) -> 32 | I41: =SUM(I36:I40) -> 27 | J41: =SUM(J36:J40) -> 8 | ... L41: =SUM(L36:L40) -> 1 | M41: =SUM(P36:P40) -> 3 | N41: =SUM(Q36:Q40) -> 433 | O41: =SUM(R36:R40) -> 98 | P41: =SUM(S36:S40) -> 285 | Q41: =SUM(S36:S40) -> 285 | R41: =SUM(T36:T40) -> 6499 | S41: =SUM(T36:T40) -> 6499 | T41: =SUM(W36:W40) -> 53 | U41: =SUM(X36:X40) -> 21 | V41: =SUM(Y36:Y40) -> 29 | W41: =SUM(Z36:Z40) -> 14 | X41: =SUM(AA36:AA40) -> 62 | Y41: =SUM(AB36:AB40) -> 65 | Z41: =SUM(AC36:AC40) -> 244 | AA41: =SUM(AD36:AD40) -> 180.5 | ... AJ41: =SUM(AM36:AM40) -> 0
A42: July | B42: Week 31 | C42: =July!C11 -> 7 | D42: =July!D11 -> 7 | E42: =July!E11 -> 1 | F42: =July!F11 -> 5 | G42: =July!G11 -> 1 | H42: =July!H11 -> 5 | I42: =July!I11 -> 5 | J42: =July!J11 -> 1 | ... AJ42: =July!AJ11 -> 119
B43: Week 32 | C43: =July!C17 -> 8 | D43: =July!D17 -> 8 | E43: =July!E17 -> 3 | F43: =July!F17 -> 5 | G43: =July!G17 -> 0 | H43: =July!H17 -> 4 | I43: =July!I17 -> 3 | J43: =July!J17 -> 2 | ... AJ43: =July!AJ17 -> 201
B44: Week 33 | C44: =July!C23 -> 12 | D44: =July!D23 -> 11 | E44: =July!E23 -> 2 | F44: =July!F23 -> 8 | G44: =July!G23 -> 1 | H44: =July!H23 -> 5 | I44: =July!I23 -> 4 | J44: =July!J23 -> 2 | ... AJ44: =July!AJ23 -> 186
B45: Week 34 | C45: =July!C29 -> 11 | D45: =July!D29 -> 11 | E45: =July!E29 -> 1 | F45: =July!F29 -> 10 | G45: =July!G29 -> 0 | H45: =July!H29 -> 6 | I45: =July!I29 -> 5 | J45: =July!J29 -> 1 | ... AJ45: =July!AJ29 -> 204
B46: Week 35 | C46: =July!C35 -> 3 | D46: =July!D35 -> 2 | E46: =July!E35 -> 1 | F46: =July!F35 -> 1 | G46: =July!G35 -> 0 | H46: =July!H35 -> 9 | I46: =July!I35 -> 9 | J46: =July!J35 -> 2 | ... AJ46: =July!AJ35 -> 236
A47: TOTAL | C47: =SUM(C42:C46) -> 41 | D47: =SUM(D42:D46) -> 39 | E47: =SUM(E42:E46) -> 8 | F47: =SUM(F42:F46) -> 29 | G47: =SUM(G42:G46) -> 2 | H47: =SUM(H42:H46) -> 29 | I47: =SUM(I42:I46) -> 26 | J47: =SUM(J42:J46) -> 8 | ... AJ47: =SUM(AJ42:AJ46) -> 946
A48: August | B48: Week 36 | C48: =August!C11 -> 9 | D48: =August!D11 -> 8 | E48: =August!E11 -> 1 | F48: =August!F11 -> 7 | G48: =August!G11 -> 0 | H48: =August!H11 -> 9 | I48: =August!I11 -> 7 | J48: =August!J11 -> 4 | ... AJ48: =August!AJ11 -> 190
B49: Week 37 | C49: =August!C17 -> 18 | D49: =August!D17 -> 18 | E49: =August!E17 -> 5 | F49: =August!F17 -> 13 | G49: =August!G17 -> 0 | H49: =August!H17 -> 12 | I49: =August!I17 -> 12 | J49: =August!J17 -> 2 | ... AJ49: =August!AJ17 -> 277.5
B50: Week 38 | C50: =August!C23 -> 8 | D50: =August!D23 -> 8 | E50: =August!E23 -> 2 | F50: =August!F23 -> 6 | G50: =August!G23 -> 0 | H50: =August!H23 -> 6 | I50: =August!I23 -> 4 | J50: =August!J23 -> 1 | ... AJ50: =August!AJ23 -> 170
B51: Week 39 | C51: =August!C29 -> 9 | D51: =August!D29 -> 8 | E51: =August!E29 -> 0 | F51: =August!F29 -> 8 | G51: =August!G29 -> 0 | H51: =August!H29 -> 11 | I51: =August!I29 -> 9 | J51: =August!J29 -> 2 | ... AJ51: =August!AJ29 -> 248.5
B52: Week 40 | C52: =August!C35 -> 2 | D52: =August!D35 -> 2 | E52: =August!E35 -> 1 | F52: =August!F35 -> 1 | G52: =August!G35 -> 0 | H52: =August!H35 -> 2 | I52: =August!I35 -> 1 | J52: =August!J35 -> 0 | ... AJ52: =August!AJ35 -> 55.5
A53: TOTAL | C53: =SUM(C48:C52) -> 46 | D53: =SUM(D48:D52) -> 44 | E53: =SUM(E48:E52) -> 9 | F53: =SUM(F48:F52) -> 35 | G53: =SUM(G48:G52) -> 0 | H53: =SUM(H48:H52) -> 40 | I53: =SUM(I48:I52) -> 33 | J53: =SUM(J48:J52) -> 9 | ... AJ53: =SUM(AJ48:AJ52) -> 941.5
A54: September | B54: Week 41 | C54: =September!C11 -> 9 | D54: =September!D11 -> 9 | E54: =September!E11 -> 1 | F54: =September!F11 -> 8 | G54: =September!G11 -> 0 | H54: =September!H11 -> 5 | I54: =September!I11 -> 4 | J54: =September!J11 -> 2 | ... AJ54: =September!AJ11 -> 143.5
B55: Week 42 | C55: =September!C17 -> 12 | D55: =September!D17 -> 11 | E55: =September!E17 -> 2 | F55: =September!F17 -> 9 | G55: =September!G17 -> 0 | H55: =September!H17 -> 4 | I55: =September!I17 -> 2 | J55: =September!J17 -> 1 | ... AJ55: =September!AJ17 -> 264
B56: Week 43 | C56: =September!C23 -> 8 | D56: =September!D23 -> 6 | E56: =September!E23 -> 1 | F56: =September!F23 -> 5 | G56: =September!G23 -> 0 | H56: =September!H23 -> 7 | I56: =September!I23 -> 7 | J56: =September!J23 -> 2 | ... AJ56: =September!AJ23 -> 190.5
B57: Week 44 | C57: =September!C29 -> 7 | D57: =September!D29 -> 5 | E57: =September!E29 -> 0 | F57: =September!F29 -> 5 | G57: =September!G29 -> 0 | H57: =September!H29 -> 7 | I57: =September!I29 -> 7 | J57: =September!J29 -> 3 | ... AJ57: =September!AJ29 -> 182
B58: Week 45 | C58: =September!C35 -> 9 | D58: =September!D35 -> 8 | E58: =September!E35 -> 1 | F58: =September!F35 -> 7 | G58: =September!G35 -> 0 | H58: =September!H35 -> 7 | I58: =September!I35 -> 6 | J58: =September!J35 -> 2 | ... AJ58: =September!AJ35 -> 144
A59: TOTAL | C59: =SUM(C54:C58) -> 45 | D59: =SUM(D54:D58) -> 39 | E59: =SUM(E54:E58) -> 5 | F59: =SUM(F54:F58) -> 34 | G59: =SUM(G54:G58) -> 0 | H59: =SUM(H54:H58) -> 30 | I59: =SUM(I54:I58) -> 26 | J59: =SUM(J54:J58) -> 10 | ... AJ59: =SUM(AJ54:AJ58) -> 924
A60: October | B60: Week 46 | C60: =October!C11 -> 4 | D60: =October!D11 -> 4 | E60: =October!E11 -> 1 | F60: =October!F11 -> 3 | G60: =October!G11 -> 0 | H60: =October!H11 -> 4 | I60: =October!I11 -> 3 | J60: =October!J11 -> 2 | ... AJ60: =October!AJ11 -> 83.5
B61: Week 47 | C61: =October!C17 -> 12 | D61: =October!D17 -> 11 | E61: =October!E17 -> 3 | F61: =October!F17 -> 8 | G61: =October!G17 -> 0 | H61: =October!H17 -> 4 | I61: =October!I17 -> 3 | J61: =October!J17 -> 1 | ... AJ61: =October!AJ17 -> 184.5
B62: Week 48 | C62: =October!C23 -> 11 | D62: =October!D23 -> 10 | E62: =October!E23 -> 0 | F62: =October!F23 -> 10 | G62: =October!G23 -> 0 | H62: =October!H23 -> 9 | I62: =October!I23 -> 7 | J62: =October!J23 -> 2 | ... AJ62: =October!AJ23 -> 195
B63: Week 49 | C63: =October!C29 -> 11 | D63: =October!D29 -> 11 | E63: =October!E29 -> 3 | F63: =October!F29 -> 8 | G63: =October!G29 -> 0 | H63: =October!H29 -> 4 | I63: =October!I29 -> 4 | J63: =October!J29 -> 1 | ... AJ63: =October!AJ29 -> 266.5
B64: Week 50 | C64: =October!C35 -> 10 | D64: =October!D35 -> 8 | E64: =October!E35 -> 0 | F64: =October!F35 -> 7 | G64: =October!G35 -> 1 | H64: =October!H35 -> 6 | I64: =October!I35 -> 6 | J64: =October!J35 -> 2 | ... AJ64: =October!AJ35 -> 209.5
A65: TOTAL | C65: =SUM(C60:C64) -> 48 | D65: =SUM(D60:D64) -> 44 | E65: =SUM(E60:E64) -> 7 | F65: =SUM(F60:F64) -> 36 | G65: =SUM(G60:G64) -> 1 | H65: =SUM(H60:H64) -> 27 | I65: =SUM(I60:I64) -> 23 | J65: =SUM(J60:J64) -> 8 | ... AJ65: =SUM(AJ60:AJ64) -> 939
A66: November | B66: Week 51 | C66: =November!C11 -> 13 | D66: =November!D11 -> 12 | E66: =November!E11 -> 4 | F66: =November!F11 -> 8 | G66: =November!G11 -> 0 | H66: =November!H11 -> 7 | I66: =November!I11 -> 6 | J66: =November!J11 -> 1 | ... AJ66: =November!AJ11 -> 194.5
B67: Week 52 | C67: =November!C17 -> 6 | D67: =November!D17 -> 4 | E67: =November!E17 -> 2 | F67: =November!F17 -> 2 | G67: =November!G17 -> 0 | H67: =November!H17 -> 7 | I67: =November!I17 -> 6 | J67: =November!J17 -> 2 | ... AJ67: =November!AJ17 -> 194.5
B68: Week 53 | C68: =November!C23 -> 4 | D68: =November!D23 -> 3 | E68: =November!E23 -> 1 | F68: =November!F23 -> 2 | G68: =November!G23 -> 0 | H68: =November!H23 -> 6 | I68: =November!I23 -> 4 | J68: =November!J23 -> 1 | ... AJ68: =November!AJ23 -> 194.5
B69: Week 54 | C69: =November!C29 -> 11 | D69: =November!D29 -> 9 | E69: =November!E29 -> 2 | F69: =November!F29 -> 7 | G69: =November!G29 -> 0 | H69: =November!H29 -> 7 | I69: =November!I29 -> 6 | J69: =November!J29 -> 3 | ... AJ69: =November!AJ29 -> 200.5
B70: Week 55 | C70: =November!C35 -> 1 | D70: =November!D35 -> 1 | E70: =November!E35 -> 0 | F70: =November!F35 -> 1 | G70: =November!G35 -> 0 | H70: =November!H35 -> 0 | I70: =November!I35 -> 0 | J70: =November!J35 -> 0 | ... AJ70: =November!AJ35 -> 48
A71: TOTAL | C71: =SUM(C66:C70) -> 35 | D71: =SUM(D66:D70) -> 29 | E71: =SUM(E66:E70) -> 9 | F71: =SUM(F66:F70) -> 20 | G71: =SUM(G66:G70) -> 0 | H71: =SUM(H66:H70) -> 27 | I71: =SUM(I66:I70) -> 22 | J71: =SUM(J66:J70) -> 7 | ... AJ71: =SUM(AJ66:AJ70) -> 832
A72: December | B72: Week 56 | C72: =December!C11 -> 6 | D72: =December!D11 -> 4 | E72: =December!E11 -> 1 | F72: =December!F11 -> 3 | G72: =December!G11 -> 0 | H72: =December!H11 -> 9 | I72: =December!I11 -> 9 | J72: =December!J11 -> 1 | ... AJ72: =December!AJ11 -> 154.5
B73: Week 57 | C73: =December!C17 -> 4 | D73: =December!D17 -> 3 | E73: =December!E17 -> 2 | F73: =December!F17 -> 1 | G73: =December!G17 -> 0 | H73: =December!H17 -> 12 | I73: =December!I17 -> 10 | J73: =December!J17 -> 2 | ... AJ73: =December!AJ17 -> 205.5
B74: Week 58 | C74: =December!C23 -> 7 | D74: =December!D23 -> 7 | E74: =December!E23 -> 3 | F74: =December!F23 -> 4 | G74: =December!G23 -> 0 | H74: =December!H23 -> 8 | I74: =December!I23 -> 4 | J74: =December!J23 -> 2 | ... AJ74: =December!AJ23 -> 159.5
B75: Week 59 | C75: =December!C29 -> 9 | D75: =December!D29 -> 7 | E75: =December!E29 -> 2 | F75: =December!F29 -> 5 | G75: =December!G29 -> 0 | H75: =December!H29 -> 6 | I75: =December!I29 -> 4 | J75: =December!J29 -> 1 | ... AJ75: =December!AJ29 -> 233.5
B76: Week 60 | C76: =December!C35 -> 7 | D76: =December!D35 -> 4 | E76: =December!E35 -> 1 | F76: =December!F35 -> 3 | G76: =December!G35 -> 0 | H76: =December!H35 -> 4 | I76: =December!I35 -> 3 | J76: =December!J35 -> 1 | ... AJ76: =December!AJ35 -> 150
A77: TOTAL | C77: =SUM(C72:C76) -> 33 | D77: =SUM(D72:D76) -> 25 | E77: =SUM(E72:E76) -> 9 | F77: =SUM(F72:F76) -> 16 | G77: =SUM(G72:G76) -> 0 | H77: =SUM(H72:H76) -> 39 | I77: =SUM(I72:I76) -> 30 | J77: =SUM(J72:J76) -> 7 | ... AJ77: =SUM(AJ72:AJ76) -> 903
A78: GRAND TOTAL | C78: =SUM(C11,C17,C23,C29,C35,C41,C47,C53,C59,C65,C71,C77) -> 501 | D78: =SUM(D11,D17,D23,D29,D35,D41,D47,D53,D59,D65,D71,D77) -> 442 | E78: =SUM(E11,E17,E23,E29,E35,E41,E47,E53,E59,E65,E71,E77) -> 98 | F78: =SUM(F11,F17,F23,F29,F35,F41,F47,F53,F59,F65,F71,F77) -> 339 | G78: =SUM(G11,G17,G23,G29,G35,G41,G47,G53,G59,G65,G71,G77) -> 5 | H78: =SUM(H11,H17,H23,H29,H35,H41,H47,H53,H59,H65,H71,H77) -> 384 | I78: =SUM(I11,I17,I23,I29,I35,I41,I47,I53,I59,I65,I71,I77) -> 323 | J78: =SUM(J11,J17,J23,J29,J35,J41,J47,J53,J59,J65,J71,J77) -> 100 | ... AJ78: =SUM(AJ11,AJ17,AJ23,AJ29,AJ35,AJ41,AJ47,AJ53,AJ59,AJ65,AJ71,AJ77) -> 9787

Sheet January
E1: MONTHLY OPERATIONS REPORT - YFS - WELLINGTON HUB
C4: Interview Styling | H4: Confidence Styling | M4: WEV Program | Q4: Donations(kg) | S4: Terrace Income | U4: Marketing | W4: Volunteer Count by category | AD4: Volunteer Hours by category
A5: JANUARY | B5: Date | C5: Registrations | D5: Completed | E5: Male | F5: Female | G5: Non-Binary | H5: Registrations | I5: Completed | J5: Male | K5: Female | L5: Non-Binary | M5: Registrations | N5: Onboarded | O5: Offboarded | P5: Employed | Q5: Donations Received | R5: Re-Donations | S5: Customers Purchased | T5: Total Income | U5: Social Media Outreach | V5: Social Media Engagement | W5: Retail | X5: HR | Y5: Business Supprt | Z5: Marketing | AA5: Stylist | AB5: Clothing Management | AC5: Total | AD5: Retail | AE5: HR | AF5: Business Support | AG5: Marketing | AH5: Stylist | AI5: Clothing Management | AJ5: Total
A6: WEEK 1 | AC6: =SUM(W6:AB6) -> 0 | AJ6: =SUM(AD6:AI6) -> 0
AC8: =SUM(W8:AB8) -> 0 | AJ8: =SUM(AD8:AI8) -> 0
B9: 46023 | C9: 3 | D9: 3 | E9: 0 | F9: 3 | G9: 0 | H9: 1 | I9: 0 | J9: 0 | K9: 0 | L9: 0 | M9: 1 | N9: 0 | O9: 0 | P9: 0 | Q9: 0 | R9: 0 | S9: 3 | T9: 85.25 | U9: 1636 | V9: 153 | W9: 2 | X9: 2 | Y9: 2 | Z9: 0 | AA9: 4 | AB9: 1 | AC9: =SUM(W9:AB9) -> 11 | AD9: 9 | AE9: 7.5 | AF9: 9 | AG9: 0 | AH9: 18.5 | AI9: 4 | AJ9: =SUM(AD9:AI9) -> 48
B10: 46024 | C10: 3 | D10: 3 | E10: 1 | F10: 2 | G10: 0 | H10: 0 | I10: 0 | J10: 0 | K10: 0 | L10: 0 | M10: 1 | N10: 1 | O10: 0 | P10: 0 | Q10: 55.6 | R10: 0 | S10: 17 | T10: 443.68 | U10: 811 | V10: 85 | W10: 3 | X10: 1 | Y10: 0 | Z10: 0 | AA10: 1 | AB10: 3 | AC10: =SUM(W10:AB10) -> 8 | AD10: 13 | AE10: 4 | AF10: 0 | AG10: 0 | AH10: 5.5 | AI10: 7.5 | AJ10: =SUM(AD10:AI10) -> 30
A11: TOTAL | C11: =SUM(C9:C10) -> 6 | D11: =SUM(D9:D10) -> 6 | E11: =SUM(E9:E10) -> 1 | F11: =SUM(F9:F10) -> 5 | G11: =SUM(G9:G10) -> 0 | H11: =SUM(H9:H10) -> 1 | I11: =SUM(I9:I10) -> 0 | J11: =SUM(J9:J10) -> 0 | ... AJ11: =SUM(AJ9:AJ10) -> 78
A12: WEEK 2 | B12: 46027 | C12: 1 | D12: 1 | E12: 1 | F12: 0 | G12: 0 | H12: 2 | I12: 2 | J12: 1 | K12: 1 | L12: 0 | M12: 1 | N12: 0 | O12: 0 | P12: 0 | Q12: 0 | R12: 7.2 | S12: 8 | T12: 211.98 | U12: 295 | V12: 18 | W12: 4 | X12: 1 | Y12: 0 | Z12: 0 | AA12: 4 | AB12: 2 | AC12: =SUM(W12:AB12) -> 11 | AD12: 12.5 | AE12: 2.5 | AF12: 0 | AG12: 0 | AH12: 10.5 | AI12: 9 | AJ12: =SUM(AD12:AI12) -> 34.5
B13: 46028 | C13: 1 | D13: 0 | E13: 0 | F13: 0 | G13: 0 | H13: 2 | I13: 2 | J13: 1 | K13: 1 | L13: 0 | M13: 1 | N13: 0 | O13: 1 | P13: 0 | Q13: 38.9 | R13: 4.9 | S13: 16 | T13: 194.65 | U13: 726 | V13: 69 | W13: 1 | X13: 1 | Y13: 1 | Z13: 0 | AA13: 4 | AB13: 3 | AC13: =SUM(W13:AB13) -> 10 | AD13: 5.5 | AE13: 3.5 | AF13: 4 | AG13: 0 | AH13: 10.5 | AI13: 10.5 | AJ13: =SUM(AD13:AI13) -> 34
B14: 46029 | C14: 4 | D14: 3 | E14: 0 | F14: 3 | G14: 0 | H14: 0 | I14: 0 | J14: 0 | K14: 0 | L14: 0 | M14: 0 | N14: 0 | O14: 0 | P14: 0 | Q14: 20.9 | R14: 5.6 | S14: 9 | T14: 256.81 | U14: 1368 | V14: 72 | W14: 4 | X14: 0 | Y14: 2 | Z14: 1 | AA14: 2 | AB14: 3 | AC14: =SUM(W14:AB14) -> 12 | AD14: 9 | AE14: 0 | AF14: 7.5 | AG14: 2.5 | AH14: 4.5 | AI14: 8.5 | AJ14: =SUM(AD14:AI14) -> 32
B15: 46030 | C15: 1 | D15: 1 | E15: 1 | F15: 0 | G15: 0 | H15: 3 | I15: 2 | J15: 1 | K15: 1 | L15: 0 | M15: 0 | N15: 1 | O15: 1 | P15: 0 | Q15: 27.7 | R15: 6.7 | S15: 16 | T15: 320.91 | U15: 1839 | V15: 232 | W15: 1 | X15: 1 | Y15: 0 | Z15: 0 | AA15: 1 | AB15: 4 | AC15: =SUM(W15:AB15) -> 7 | AD15: 4 | AE15: 4.5 | AF15: 0 | AG15: 0 | AH15: 3.5 | AI15: 11.5 | AJ15: =SUM(AD15:AI15) -> 23.5
B16: 46031 | C16: 0 | D16: 0 | E16: 0 | F16: 0 | G16: 0 | H16: 3 | I16: 2 | J16: 1 | K16: 1 | L16: 0 | M16: 0 | N16: 0 | O16: 1 | P16: 0 | Q16: 63.3 | R16: 16.1 | S16: 16 | T16: 200.85 | U16: 1285 | V16: 142 | W16: 3 | X16: 0 | Y16: 2 | Z16: 1 | AA16: 2 | AB16: 2 | AC16: =SUM(W16:AB16) -> 10 | AD16: 10.5 | AE16: 0 | AF16: 9 | AG16: 3 | AH16: 10.5 | AI16: 10.5 | AJ16: =SUM(AD16:AI16) -> 43.5
A17: TOTAL | C17: =SUM(C12:C16) -> 7 | D17: =SUM(D12:D16) -> 5 | E17: =SUM(E12:E16) -> 2 | F17: =SUM(F12:F16) -> 3 | G17: =SUM(G12:G16) -> 0 | H17: =SUM(H12:H16) -> 10 | I17: =SUM(I12:I16) -> 8 | J17: =SUM(J12:J16) -> 4 | ... AJ17: =SUM(AJ12:AJ16) -> 167.5
A18: WEEK 3 | B18: 46034 | C18: 2 | D18: 2 | E18: 0 | F18: 2 | G18: 0 | H18: 2 | I18: 2 | J18: 0 | K18: 2 | L18: 0 | M18: 1 | N18: 0 | O18: 1 | P18: 0 | Q18: 25.5 | R18: 8.1 | S18: 11 | T18: 141.98 | U18: 970 | V18: 52 | W18: 4 | X18: 1 | Y18: 0 | Z18: 1 | AA18: 3 | AB18: 3 | AC18: =SUM(W18:AB18) -> 12 | AD18: 20.5 | AE18: 2.5 | AF18: 0 | AG18: 3.5 | AH18: 15.5 | AI18: 14.5 | AJ18: =SUM(AD18:AI18) -> 56.5
B19: 46035 | C19: 3 | D19: 3 | E19: 1 | F19: 2 | G19: 0 | H19: 0 | I19: 0 | J19: 0 | K19: 0 | L19: 0 | M19: 0 | N19: 0 | O19: 0 | P19: 1 | Q19: 59.4 | R19: 7.7 | S19: 11 | T19: 275.98 | U19: 1484 | V19: 151 | W19: 2 | X19: 0 | Y19: 2 | Z19: 1 | AA19: 5 | AB19: 2 | AC19: =SUM(W19:AB19) -> 12 | AD19: 6.5 | AE19: 0 | AF19: 9 | AG19: 4 | AH19: 17 | AI19: 8.5 | AJ19: =SUM(AD19:AI19) -> 45
B20: 46036 | C20: 1 | D20: 1 | E20: 0 | F20: 1 | G20: 0 | H20: 1 | I20: 1 | J20: 0 | K20: 1 | L20: 0 | M20: 0 | N20: 1 | O20: 1 | P20: 0 | Q20: 0 | R20: 0 | S20: 17 | T20: 459.37 | U20: 793 | V20: 85 | W20: 2 | X20: 2 | Y20: 1 | Z20: 2 | AA20: 4 | AB20: 2 | AC20: =SUM(W20:AB20) -> 13 | AD20: 7.5 | AE20: 7.5 | AF20: 5.5 | AG20: 6.5 | AH20: 11.5 | AI20: 5.5 | AJ20: =SUM(AD20:AI20) -> 44
B21: 46037 | C21: 2 | D21: 2 | E21: 0 | F21: 2 | G21: 0 | H21: 3 | I21: 2 | J21: 0 | K21: 2 | L21: 0 | M21: 2 | N21: 0 | O21: 0 | P21: 0 | Q21: 0 | R21: 8.2 | S21: 3 | T21: 65.75 | U21: 736 | V21: 15 | W21: 4 | X21: 0 | Y21: 1 | Z21: 1 | AA21: 3 | AB21: 4 | AC21: =SUM(W21:AB21) -> 13 | AD21: 13 | AE21: 0 | AF21: 3 | AG21: 4.5 | AH21: 13 | AI21: 21.5 | AJ21: =SUM(AD21:AI21) -> 55
B22: 46038 | C22: 4 | D22: 4 | E22: 1 | F22: 3 | G22: 0 | H22: 1 | I22: 0 | J22: 0 | K22: 0 | L22: 0 | M22: 1 | N22: 1 | O22: 0 | P22: 0 | Q22: 0 | R22: 17.3 | S22: 15 | T22: 435.96 | U22: 1100 | V22: 169 | W22: 4 | X22: 1 | Y22: 2 | Z22: 0 | AA22: 5 | AB22: 4 | AC22: =SUM(W22:AB22) -> 16 | AD22: 9 | AE22: 3.5 | AF22: 6.5 | AG22: 0 | AH22: 23 | AI22: 17 | AJ22: =SUM(AD22:AI22) -> 59
A23: TOTAL | C23: =SUM(C18:C22) -> 12 | D23: =SUM(D18:D22) -> 12 | E23: =SUM(E18:E22) -> 2 | F23: =SUM(F18:F22) -> 10 | G23: =SUM(G18:G22) -> 0 | H23: =SUM(H18:H22) -> 7 | I23: =SUM(I18:I22) -> 5 | J23: =SUM(J18:J22) -> 0 | ... AJ23: =SUM(AJ18:AJ22) -> 259.5
A24: WEEK 4 | B24: 46041 | C24: 1 | D24: 1 | E24: 1 | F24: 0 | G24: 0 | H24: 2 | I24: 1 | J24: 1 | K24: 0 | L24: 0 | M24: 0 | N24: 0 | O24: 0 | P24: 0 | Q24: 64.2 | R24: 21.7 | S24: 7 | T24: 119.69 | U24: 1693 | V24: 108 | W24: 4 | X24: 0 | Y24: 1 | Z24: 1 | AA24: 4 | AB24: 3 | AC24: =SUM(W24:AB24) -> 13 | AD24: 22 | AE24: 0 | AF24: 5.5 | AG24: 3.5 | AH24: 22 | AI24: 12 | AJ24: =SUM(AD24:AI24) -> 65
B25: 46042 | C25: 3 | D25: 2 | E25: 1 | F25: 1 | G25: 0 | H25: 3 | I25: 3 | J25: 0 | K25: 3 | L25: 0 | M25: 1 | N25: 0 | O25: 0 | P25: 0 | Q25: 42.1 | R25: 0 | S25: 13 | T25: 263.1 | U25: 2009 | V25: 178 | W25: 3 | X25: 0 | Y25: 2 | Z25: 0 | AA25: 2 | AB25: 1 | AC25: =SUM(W25:AB25) -> 8 | AD25: 13 | AE25: 0 | AF25: 8 | AG25: 0 | AH25: 5 | AI25: 5 | AJ25: =SUM(AD25:AI25) -> 31
B26: 46043 | C26: 2 | D26: 1 | E26: 0 | F26: 1 | G26: 0 | H26: 2 | I26: 2 | J26: 0 | K26: 2 | L26: 0 | M26: 2 | N26: 1 | O26: 0 | P26: 0 | Q26: 8.3 | R26: 10 | S26: 19 | T26: 551.37 | U26: 2010 | V26: 229 | W26: 3 | X26: 1 | Y26: 1 | Z26: 2 | AA26: 4 | AB26: 1 | AC26: =SUM(W26:AB26) -> 12 | AD26: 11.5 | AE26: 3.5 | AF26: 2 | AG26: 6 | AH26: 10.5 | AI26: 5 | AJ26: =SUM(AD26:AI26) -> 38.5
B27: 46044 | C27: 4 | D27: 3 | E27: 1 | F27: 2 | G27: 0 | H27: 2 | I27: 2 | J27: 0 | K27: 2 | L27: 0 | M27: 1 | N27: 0 | O27: 1 | P27: 0 | Q27: 24.4 | R27: 0 | S27: 19 | T27: 441.99 | U27: 1740 | V27: 82 | W27: 4 | X27: 1 | Y27: 2 | Z27: 0 | AA27: 5 | AB27: 4 | AC27: =SUM(W27:AB27) -> 16 | AD27: 12.5 | AE27: 5.5 | AF27: 7 | AG27: 0 | AH27: 19 | AI27: 19.5 | AJ27: =SUM(AD27:AI27) -> 63.5
B28: 46045 | C28: 2 | D28: 1 | E28: 0 | F28: 1 | G28: 0 | H28: 0 | I28: 0 | J28: 0 | K28: 0 | L28: 0 | M28: 2 | N28: 0 | O28: 0 | P28: 0 | Q28: 51.5 | R28: 0 | S28: 7 | T28: 183.48 | U28: 284 | V28: 44 | W28: 1 | X28: 2 | Y28: 2 | Z28: 0 | AA28: 1 | AB28: 1 | AC28: =SUM(W28:AB28) -> 7 | AD28: 5 | AE28: 10.5 | AF28: 7 | AG28: 0 | AH28: 5 | AI28: 3.5 | AJ28: =SUM(AD28:AI28) -> 31
A29: TOTAL | C29: =SUM(C24:C28) -> 12 | D29: =SUM(D24:D28) -> 8 | E29: =SUM(E24:E28) -> 3 | F29: =SUM(F24:F28) -> 5 | G29: =SUM(G24:G28) -> 0 | H29: =SUM(H24:H28) -> 9 | I29: =SUM(I24:I28) -> 8 | J29: =SUM(J24:J28) -> 1 | ... AJ29: =SUM(AJ24:AJ28) -> 229
A30: WEEK 5 | B30: 46048 | C30: 4 | D30: 4 | E30: 0 | F30: 4 | G30: 0 | H30: 3 | I30: 3 | J30: 0 | K30: 3 | L30: 0 | M30: 1 | N30: 0 | O30: 0 | P30: 0 | Q30: 29.2 | R30: 14.6 | S30: 15 | T30: 385.96 | U30: 1249 | V30: 110 | W30: 4 | X30: 1 | Y30: 1 | Z30: 1 | AA30: 1 | AB30: 1 | AC30: =SUM(W30:AB30) -> 9 | AD30: 16.5 | AE30: 3.5 | AF30: 5 | AG30: 4 | AH30: 4 | AI30: 3.5 | AJ30: =SUM(AD30:AI30) -> 36.5
B31: 46049 | C31: 1 | D31: 0 | E31: 0 | F31: 0 | G31: 0 | H31: 2 | I31: 2 | J31: 1 | K31: 1 | L31: 0 | M31: 1 | N31: 1 | O31: 0 | P31: 1 | Q31: 63.4 | R31: 0 | S31: 21 | T31: 584.15 | U31: 342 | V31: 27 | W31: 1 | X31: 1 | Y31: 1 | Z31: 1 | AA31: 2 | AB31: 4 | AC31: =SUM(W31:AB31) -> 10 | AD31: 3.5 | AE31: 2.5 | AF31: 2.5 | AG31: 3 | AH31: 9.5 | AI31: 11 | AJ31: =SUM(AD31:AI31) -> 32
B32: 46050 | C32: 0 | D32: 0 | E32: 0 | F32: 0 | G32: 0 | H32: 0 | I32: 0 | J32: 0 | K32: 0 | L32: 0 | M32: 1 | N32: 0 | O32: 0 | P32: 0 | Q32: 16.8 | R32: 5.6 | S32: 9 | T32: 257.09 | U32: 1434 | V32: 229 | W32: 1 | X32: 1 | Y32: 0 | Z32: 2 | AA32: 4 | AB32: 1 | AC32: =SUM(W32:AB32) -> 9 | AD32: 4 | AE32: 3.5 | AF32: 0 | AG32: 11 | AH32: 21 | AI32: 3.5 | AJ32: =SUM(AD32:AI32) -> 43
B33: 46051 | C33: 1 | D33: 1 | E33: 0 | F33: 1 | G33: 0 | H33: 1 | I33: 1 | J33: 1 | K33: 0 | L33: 0 | M33: 2 | N33: 0 | O33: 0 | P33: 0 | Q33: 25.9 | R33: 0 | S33: 7 | T33: 134.11 | U33: 2025 | V33: 247 | W33: 4 | X33: 2 | Y33: 1 | Z33: 2 | AA33: 1 | AB33: 2 | AC33: =SUM(W33:AB33) -> 12 | AD33: 10 | AE33: 10 | AF33: 3 | AG33: 11 | AH33: 3.5 | AI33: 5.5 | AJ33: =SUM(AD33:AI33) -> 43
B34: 46052 | C34: 3 | D34: 3 | E34: 0 | F34: 3 | G34: 0 | H34: 0 | I34: 0 | J34: 0 | K34: 0 | L34: 0 | M34: 0 | N34: 0 | O34: 0 | P34: 0 | Q34: 50.9 | R34: 5.8 | S34: 15 | T34: 299.35 | U34: 1844 | V34: 87 | W34: 2 | X34: 2 | Y34: 0 | Z34: 0 | AA34: 4 | AB34: 4 | AC34: =SUM(W34:AB34) -> 12 | AD34: 5 | AE34: 7.5 | AF34: 0 | AG34: 0 | AH34: 8.5 | AI34: 21.5 | AJ34: =SUM(AD34:AI34) -> 42.5
A35: TOTAL | C35: =SUM(C30:C34) -> 9 | D35: =SUM(D30:D34) -> 8 | E35: =SUM(E30:E34) -> 0 | F35: =SUM(F30:F34) -> 8 | G35: =SUM(G30:G34) -> 0 | H35: =SUM(H30:H34) -> 6 | I35: =SUM(I30:I34) -> 6 | J35: =SUM(J30:J34) -> 2 | ... AJ35: =SUM(AJ30:AJ34) -> 197
A36: JANUARY-GRAND TOTAL | C36: =C11+C17+C23+C29+C35 -> 46 | D36: =D11+D17+D23+D29+D35 -> 39 | E36: =E11+E17+E23+E29+E35 -> 8 | F36: =F11+F17+F23+F29+F35 -> 31 | G36: =G11+G17+G23+G29+G35 -> 0 | H36: =H11+H17+H23+H29+H35 -> 33 | I36: =I11+I17+I23+I29+I35 -> 27 | J36: =J11+J17+J23+J29+J35 -> 7 | ... AJ36: =AJ11+AJ17+AJ23+AJ29+AJ35 -> 931
H41: =UPPER(G41)

Sheet February
E1: MONTHLY OPERATIONS REPORT - YFS - WELLINGTON HUB
C4: Interview Styling | H4: Confidence Styling | M4: WEV Program | Q4: Donations(kg) | S4: Terrace Income | U4: Marketing | W4: Volunteer Count by category | AD4: Volunteer Hours by category
A5: FEBRUARY | B5: Date | C5: Registrations | D5: Completed | E5: Male | F5: Female | G5: Non-Binary | H5: Registrations | I5: Completed | J5: Male | K5: Female | L5: Non-Binary | M5: Registrations | N5: Onboarded | O5: Offboarded | P5: Employed | Q5: Donations Received | R5: Re-Donations | S5: Customers Purchased | T5: Total Income | U5: Social Media Outreach | V5: Social Media Engagement | W5: Retail | X5: HR | Y5: Business Supprt | Z5: Marketing | AA5: Stylist | AB5: Clothing Management | AC5: Total | AD5: Retail | AE5: HR | AF5: Business Support | AG5: Marketing | AH5: Stylist | AI5: Clothing Management | AJ5: Total
A6: WEEK 1 | B6: 46055 | C6: 1 | D6: 0 | E6: 0 | F6: 0 | G6: 0 | H6: 3 | I6: 3 | J6: 0 | K6: 3 | L6: 0 | M6: 1 | N6: 0 | O6: 0 | P6: 0 | Q6: 26.9 | R6: 0 | S6: 20 | T6: 596.72 | U6: 1197 | V6: 170 | W6: 1 | X6: 0 | Y6: 2 | Z6: 0 | AA6: 5 | AB6: 3 | AC6: =SUM(W6:AB6) -> 11 | AD6: 3.5 | AE6: 0 | AF6: 8.5 | AG6: 0 | AH6: 25 | AI6: 8 | AJ6: =SUM(AD6:AI6) -> 45
B7: 46056 | C7: 3 | D7: 3 | E7: 1 | F7: 2 | G7: 0 | H7: 2 | I7: 1 | J7: 1 | K7: 0 | L7: 0 | M7: 0 | N7: 0 | O7: 0 | P7: 0 | Q7: 15.2 | R7: 2.3 | S7: 19 | T7: 395.6 | U7: 1945 | V7: 195 | W7: 4 | X7: 0 | Y7: 1 | Z7: 1 | AA7: 4 | AB7: 4 | AC7: =SUM(W7:AB7) -> 14 | AD7: 20.5 | AE7: 0 | AF7: 4.5 | AG7: 4.5 | AH7: 11.5 | AI7: 11.5 | AJ7: =SUM(AD7:AI7) -> 52.5
B8: 46057 | C8: 2 | D8: 2 | E8: 1 | F8: 1 | G8: 0 | H8: 3 | I8: 3 | J8: 0 | K8: 3 | L8: 0 | M8: 1 | N8: 0 | O8: 0 | P8: 0 | Q8: 16.6 | R8: 0 | S8: 6 | T8: 175.84 | U8: 603 | V8: 30 | W8: 3 | X8: 0 | Y8: 0 | Z8: 2 | AA8: 2 | AB8: 3 | AC8: =SUM(W8:AB8) -> 10 | AD8: 6.5 | AE8: 0 | AF8: 0 | AG8: 5.5 | AH8: 8.5 | AI8: 7 | AJ8: =SUM(AD8:AI8) -> 27.5
B9: 46058 | C9: 2 | D9: 1 | E9: 0 | F9: 1 | G9: 0 | H9: 2 | I9: 1 | J9: 0 | K9: 1 | L9: 0 | M9: 0 | N9: 1 | O9: 0 | P9: 0 | Q9: 33 | R9: 0 | S9: 20 | T9: 372.35 | U9: 1793 | V9: 237 | W9: 2 | X9: 0 | Y9: 1 | Z9: 1 | AA9: 5 | AB9: 4 | AC9: =SUM(W9:AB9) -> 13 | AD9: 7 | AE9: 0 | AF9: 3.5 | AG9: 5 | AH9: 16.5 | AI9: 20 | AJ9: =SUM(AD9:AI9) -> 52
B10: 46059 | C10: 4 | D10: 3 | E10: 1 | F10: 2 | G10: 0 | H10: 1 | I10: 1 | J10: 0 | K10: 1 | L10: 0 | M10: 1 | N10: 0 | O10: 0 | P10: 0 | Q10: 55.2 | R10: 0 | S10: 14 | T10: 271.02 | U10: 944 | V10: 107 | W10: 2 | X10: 2 | Y10: 2 | Z10: 1 | AA10: 5 | AB10: 3 | AC10: =SUM(W10:AB10) -> 15 | AD10: 5 | AE10: 10.5 | AF10: 10 | AG10: 3 | AH10: 16.5 | AI10: 6.5 | AJ10: =SUM(AD10:AI10) -> 51.5
A11: TOTAL | C11: =SUM(C6:C10) -> 12 | D11: =SUM(D6:D10) -> 9 | E11: =SUM(E6:E10) -> 3 | F11: =SUM(F6:F10) -> 6 | G11: =SUM(G6:G10) -> 0 | H11: =SUM(H6:H10) -> 11 | I11: =SUM(I6:I10) -> 9 | J11: =SUM(J6:J10) -> 1 | ... AJ11: =SUM(AJ6:AJ10) -> 228.5
A12: WEEK 2 | B12: 46062 | C12: 4 | D12: 4 | E12: 0 | F12: 4 | G12: 0 | H12: 1 | I12: 1 | J12: 1 | K12: 0 | L12: 0 | M12: 0 | N12: 1 | O12: 0 | P12: 0 | Q12: 0 | R12: 15.9 | S12: 22 | T12: 437.38 | U12: 1799 | V12: 122 | W12: 2 | X12: 1 | Y12: 0 | Z12: 2 | AA12: 4 | AB12: 1 | AC12: =SUM(W12:AB12) -> 10 | AD12: 8.5 | AE12: 3.5 | AF12: 0 | AG12: 7.5 | AH12: 12 | AI12: 4.5 | AJ12: =SUM(AD12:AI12) -> 36
B13: 46063 | C13: 2 | D13: 1 | E13: 1 | F13: 0 | G13: 0 | H13: 3 | I13: 3 | J13: 0 | K13: 3 | L13: 0 | M13: 1 | N13: 0 | O13: 1 | P13: 0 | Q13: 29.5 | R13: 0 | S13: 16 | T13: 299.31 | U13: 1000 | V13: 146 | W13: 4 | X13: 1 | Y13: 1 | Z13: 0 | AA13: 1 | AB13: 2 | AC13: =SUM(W13:AB13) -> 9 | AD13: 18.5 | AE13: 4.5 | AF13: 4 | AG13: 0 | AH13: 4.5 | AI13: 5.5 | AJ13: =SUM(AD13:AI13) -> 37
B14: 46064 | C14: 4 | D14: 3 | E14: 1 | F14: 2 | G14: 0 | H14: 1 | I14: 1 | J14: 0 | K14: 1 | L14: 0 | M14: 2 | N14: 1 | O14: 1 | P14: 0 | Q14: 56 | R14: 0 | S14: 19 | T14: 318.2 | U14: 1717 | V14: 96 | W14: 1 | X14: 1 | Y14: 1 | Z14: 1 | AA14: 4 | AB14: 4 | AC14: =SUM(W14:AB14) -> 12 | AD14: 4 | AE14: 5.5 | AF14: 2.5 | AG14: 3 | AH14: 16.5 | AI14: 8.5 | AJ14: =SUM(AD14:AI14) -> 40
B15: 46065 | C15: 0 | D15: 0 | E15: 0 | F15: 0 | G15: 0 | H15: 3 | I15: 2 | J15: 1 | K15: 1 | L15: 0 | M15: 0 | N15: 0 | O15: 0 | P15: 0 | Q15: 58.4 | R15: 0 | S15: 4 | T15: 85.12 | U15: 711 | V15: 34 | W15: 1 | X15: 1 | Y15: 2 | Z15: 2 | AA15: 2 | AB15: 4 | AC15: =SUM(W15:AB15) -> 12 | AD15: 4 | AE15: 3 | AF15: 7.5 | AG15: 10 | AH15: 9 | AI15: 18.5 | AJ15: =SUM(AD15:AI15) -> 52
B16: 46066 | C16: 2 | D16: 2 | E16: 1 | F16: 1 | G16: 0 | H16: 1 | I16: 0 | J16: 0 | K16: 0 | L16: 0 | M16: 0 | N16: 0 | O16: 0 | P16: 0 | Q16: 0 | R16: 0 | S16: 3 | T16: 73.16 | U16: 1359 | V16: 157 | W16: 3 | X16: 2 | Y16: 2 | Z16: 0 | AA16: 4 | AB16: 2 | AC16: =SUM(W16:AB16) -> 13 | AD16: 9.5 | AE16: 10.5 | AF16: 6 | AG16: 0 | AH16: 20 | AI16: 8 | AJ16: =SUM(AD16:AI16) -> 54
A17: TOTAL | C17: =SUM(C12:C16) -> 12 | D17: =SUM(D12:D16) -> 10 | E17: =SUM(E12:E16) -> 3 | F17: =SUM(F12:F16) -> 7 | G17: =SUM(G12:G16) -> 0 | H17: =SUM(H12:H16) -> 9 | I17: =SUM(I12:I16) -> 7 | J17: =SUM(J12:J16) -> 2 | ... AJ17: =SUM(AJ12:AJ16) -> 219
A18: WEEK 3 | B18: 46069 | C18: 1 | D18: 0 | E18: 0 | F18: 0 | G18: 0 | H18: 3 | I18: 3 | J18: 1 | K18: 2 | L18: 0 | M18: 0 | N18: 0 | O18: 0 | P18: 0 | Q18: 0 | R18: 6.2 | S18: 10 | T18: 236.8 | U18: 1386 | V18: 75 | W18: 1 | X18: 0 | Y18: 1 | Z18: 2 | AA18: 4 | AB18: 4 | AC18: =SUM(W18:AB18) -> 12 | AD18: 5 | AE18: 0 | AF18: 2 | AG18: 4.5 | AH18: 18.5 | AI18: 21 | AJ18: =SUM(AD18:AI18) -> 51
B19: 46070 | C19: 0 | D19: 0 | E19: 0 | F19: 0 | G19: 0 | H19: 2 | I19: 2 | J19: 0 | K19: 2 | L19: 0 | M19: 0 | N19: 0 | O19: 1 | P19: 1 | Q19: 63.8 | R19: 0 | S19: 19 | T19: 545.29 | U19: 1626 | V19: 56 | W19: 2 | X19: 0 | Y19: 0 | Z19: 1 | AA19: 3 | AB19: 1 | AC19: =SUM(W19:AB19) -> 7 | AD19: 9 | AE19: 0 | AF19: 0 | AG19: 2 | AH19: 7 | AI19: 3.5 | AJ19: =SUM(AD19:AI19) -> 21.5
B20: 46071 | C20: 0 | D20: 0 | E20: 0 | F20: 0 | G20: 0 | H20: 0 | I20: 0 | J20: 0 | K20: 0 | L20: 0 | M20: 0 | N20: 1 | O20: 1 | P20: 0 | Q20: 44.6 | R20: 0 | S20: 20 | T20: 417.44 | U20: 1336 | V20: 128 | W20: 3 | X20: 0 | Y20: 0 | Z20: 1 | AA20: 5 | AB20: 4 | AC20: =SUM(W20:AB20) -> 13 | AD20: 9 | AE20: 0 | AF20: 0 | AG20: 3 | AH20: 23 | AI20: 17.5 | AJ20: =SUM(AD20:AI20) -> 52.5
B21: 46072 | C21: 3 | D21: 3 | E21: 1 | F21: 2 | G21: 0 | H21: 0 | I21: 0 | J21: 0 | K21: 0 | L21: 0 | M21: 0 | N21: 1 | O21: 0 | P21: 0 | Q21: 0 | R21: 0 | S21: 9 | T21: 243.75 | U21: 2051 | V21: 210 | W21: 1 | X21: 1 | Y21: 2 | Z21: 2 | AA21: 3 | AB21: 2 | AC21: =SUM(W21:AB21) -> 11 | AD21: 4.5 | AE21: 5.5 | AF21: 8.5 | AG21: 7 | AH21: 6.5 | AI21: 7.5 | AJ21: =SUM(AD21:AI21) -> 39.5
B22: 46073 | C22: 0 | D22: 0 | E22: 0 | F22: 0 | G22: 0 | H22: 1 | I22: 1 | J22: 1 | K22: 0 | L22: 0 | M22: 0 | N22: 0 | O22: 1 | P22: 0 | Q22: 17.8 | R22: 0 | S22: 3 | T22: 103.25 | U22: 525 | V22: 40 | W22: 2 | X22: 2 | Y22: 1 | Z22: 0 | AA22: 5 | AB22: 3 | AC22: =SUM(W22:AB22) -> 13 | AD22: 4.5 | AE22: 8 | AF22: 4.5 | AG22: 0 | AH22: 18.5 | AI22: 15.5 | AJ22: =SUM(AD22:AI22) -> 51
A23: TOTAL | C23: =SUM(C18:C22) -> 4 | D23: =SUM(D18:D22) -> 3 | E23: =SUM(E18:E22) -> 1 | F23: =SUM(F18:F22) -> 2 | G23: =SUM(G18:G22) -> 0 | H23: =SUM(H18:H22) -> 6 | I23: =SUM(I18:I22) -> 6 | J23: =SUM(J18:J22) -> 2 | ... AJ23: =SUM(AJ18:AJ22) -> 215.5
A24: WEEK 4 | B24: 46076 | C24: 3 | D24: 3 | E24: 0 | F24: 3 | G24: 0 | H24: 1 | I24: 1 | J24: 0 | K24: 1 | L24: 0 | M24: 1 | N24: 0 | O24: 0 | P24: 0 | Q24: 62.7 | R24: 14.7 | S24: 10 | T24: 256.27 | U24: 259 | V24: 18 | W24: 2 | X24: 1 | Y24: 1 | Z24: 0 | AA24: 5 | AB24: 1 | AC24: =SUM(W24:AB24) -> 10 | AD24: 9.5 | AE24: 2 | AF24: 4.5 | AG24: 0 | AH24: 14.5 | AI24: 2.5 | AJ24: =SUM(AD24:AI24) -> 33
B25: 46077 | C25: 3 | D25: 3 | E25: 1 | F25: 2 | G25: 0 | H25: 1 | I25: 1 | J25: 1 | K25: 0 | L25: 0 | M25: 1 | N25: 0 | O25: 1 | P25: 1 | Q25: 13.7 | R25: 20.7 | S25: 3 | T25: 109.16 | U25: 514 | V25: 21 | W25: 4 | X25: 1 | Y25: 1 | Z25: 0 | AA25: 1 | AB25: 3 | AC25: =SUM(W25:AB25) -> 10 | AD25: 19.5 | AE25: 3.5 | AF25: 2.5 | AG25: 0 | AH25: 3 | AI25: 12.5 | AJ25: =SUM(AD25:AI25) -> 41
B26: 46078 | C26: 4 | D26: 4 | E26: 1 | F26: 3 | G26: 0 | H26: 1 | I26: 0 | J26: 0 | K26: 0 | L26: 0 | M26: 1 | N26: 0 | O26: 0 | P26: 0 | Q26: 54.5 | R26: 0 | S26: 10 | T26: 283.15 | U26: 2047 | V26: 202 | W26: 1 | X26: 0 | Y26: 1 | Z26: 0 | AA26: 2 | AB26: 1 | AC26: =SUM(W26:AB26) -> 5 | AD26: 3 | AE26: 0 | AF26: 4 | AG26: 0 | AH26: 5 | AI26: 4.5 | AJ26: =SUM(AD26:AI26) -> 16.5
B27: 46079 | C27: 1 | D27: 0 | E27: 0 | F27: 0 | G27: 0 | H27: 1 | I27: 0 | J27: 0 | K27: 0 | L27: 0 | M27: 2 | N27: 1 | O27: 0 | P27: 1 | Q27: 47.5 | R27: 0 | S27: 12 | T27: 258.99 | U27: 685 | V27: 22 | W27: 1 | X27: 1 | Y27: 1 | Z27: 0 | AA27: 4 | AB27: 4 | AC27: =SUM(W27:AB27) -> 11 | AD27: 4 | AE27: 4.5 | AF27: 3.5 | AG27: 0 | AH27: 13.5 | AI27: 19 | AJ27: =SUM(AD27:AI27) -> 44.5
B28: 46080 | C28: 0 | D28: 0 | E28: 0 | F28: 0 | G28: 0 | H28: 0 | I28: 0 | J28: 0 | K28: 0 | L28: 0 | M28: 1 | N28: 0 | O28: 0 | P28: 0 | Q28: 40.5 | R28: 19 | S28: 11 | T28: 216.28 | U28: 433 | V28: 12 | W28: 2 | X28: 0 | Y28: 0 | Z28: 2 | AA28: 2 | AB28: 2 | AC28: =SUM(W28:AB28) -> 8 | AD28: 5.5 | AE28: 0 | AF28: 0 | AG28: 6.5 | AH28: 11 | AI28: 4.5 | AJ28: =SUM(AD28:AI28) -> 27.5
A29: TOTAL | C29: =SUM(C24:C28) -> 11 | D29: =SUM(D24:D28) -> 10 | E29: =SUM(E24:E28) -> 2 | F29: =SUM(F24:F28) -> 8 | G29: =SUM(G24:G28) -> 0 | H29: =SUM(H24:H28) -> 4 | I29: =SUM(I24:I28) -> 2 | J29: =SUM(J24:J28) -> 1 | ... AJ29: =SUM(AJ24:AJ28) -> 162.5
A30: WEEK 5 | AC30: =SUM(W30:AB30) -> 0 | AJ30: =SUM(AD30:AI30) -> 0
AC31: =SUM(W31:AB31) -> 0 | AJ31: =SUM(AD31:AI31) -> 0
AC32: =SUM(W32:AB32) -> 0 | AJ32: =SUM(AD32:AI32) -> 0
AC33: =SUM(W33:AB33) -> 0 | AJ33: =SUM(AD33:AI33) -> 0
AC34: =SUM(W34:AB34) -> 0 | AJ34: =SUM(AD34:AI34) -> 0
A35: TOTAL | C35: 0 | D35: 0 | E35: 0 | F35: 0 | G35: 0 | H35: =SUM(H30:H34) -> 0 | I35: =SUM(I30:I34) -> 0 | J35: =SUM(J30:J34) -> 0 | K35: =SUM(K30:K34) -> 0 | L35: =SUM(L30:L34) -> 0 | M35: =SUM(M30:M34) -> 0 | N35: =SUM(N30:N34) -> 0 | O35: =SUM(O30:O34) -> 0 | ... AJ35: =SUM(AJ30:AJ34) -> 0
A36: FEBRUARY-GRAND TOTAL | C36: =C11+C17+C23+C29+C35 -> 39 | D36: =D11+D17+D23+D29+D35 -> 32 | E36: =E11+E17+E23+E29+E35 -> 9 | F36: =F11+F17+F23+F29+F35 -> 23 | G36: =G11+G17+G23+G29+G35 -> 0 | H36: =H11+H17+H23+H29+H35 -> 30 | I36: =I11+I17+I23+I29+I35 -> 24 | J36: =J11+J17+J23+J29+J35 -> 6 | ... AJ36: =AJ11+AJ17+AJ23+AJ29+AJ35 -> 825.5
A39: References:
A40: Events:Wix.com

Sheet March
E1: MONTHLY OPERATIONS REPORT - YFS - WELLINGTON HUB
C4: Interview Styling | H4: Confidence Styling | M4: WEV Program | Q4: Donations(kg) | S4: Terrace Income | U4: Marketing | W4: Volunteer Count by category | AD4: Volunteer Hours by category
A5: MARCH | B5: Date | C5: Registrations | D5: Completed | E5: Male | F5: Female | G5: Non-Binary | H5: Registrations | I5: Completed | J5: Male | K5: Female | L5: Non-Binary | M5: Registrations | N5: Onboarded | O5: Offboarded | P5: Employed | Q5: Donations Received | R5: Re-Donations | S5: Customers Purchased | T5: Total Income | U5: Social Media Outreach | V5: Social Media Engagement | W5: Retail | X5: HR | Y5: Business Supprt | Z5: Marketing | AA5: Stylist | AB5: Clothing Management | AC5: Total | AD5: Retail | AE5: HR | AF5: Business Support | AG5: Marketing | AH5: Stylist | AI5: Clothing Management | AJ5: Total
A6: WEEK 1 | B6: 46083 | C6: 4 | D6: 4 | E6: 1 | F6: 3 | G6: 0 | H6: 3 | I6: 3 | J6: 1 | K6: 1 | L6: 1 | M6: 2 | N6: 0 | O6: 1 | P6: 0 | Q6: 26.5 | R6: 0 | S6: 9 | T6: 251.28 | U6: 465 | V6: 57 | W6: 4 | X6: 1 | Y6: 2 | Z6: 2 | AA6: 4 | AB6: 3 | AC6: =SUM(W6:AB6) -> 16 | AD6: 22 | AE6: 4 | AF6: 5 | AG6: 9 | AH6: 9.5 | AI6: 8.5 | AJ6: =SUM(AD6:AI6) -> 58
B7: 46084 | C7: 4 | D7: 4 | E7: 0 | F7: 4 | G7: 0 | H7: 1 | I7: 1 | J7: 1 | K7: 0 | L7: 0 | M7: 0 | N7: 0 | O7: 0 | P7: 0 | Q7: 19.9 | R7: 16.8 | S7: 19 | T7: 512.57 | U7: 792 | V7: 70 | W7: 3 | X7: 0 | Y7: 1 | Z7: 0 | AA7: 2 | AB7: 3 | AC7: =SUM(W7:AB7) -> 9 | AD7: 13.5 | AE7: 0 | AF7: 3 | AG7: 0 | AH7: 7 | AI7: 14.5 | AJ7: =SUM(AD7:AI7) -> 38
B8: 46085 | C8: 1 | D8: 1 | E8: 0 | F8: 1 | G8: 0 | H8: 3 | I8: 2 | J8: 1 | K8: 1 | L8: 0 | M8: 2 | N8: 0 | O8: 0 | P8: 0 | Q8: 38.2 | R8: 0 | S8: 19 | T8: 492.97 | U8: 1309 | V8: 156 | W8: 4 | X8: 1 | Y8: 2 | Z8: 1 | AA8: 3 | AB8: 1 | AC8: =SUM(W8:AB8) -> 12 | AD8: 16.5 | AE8: 4 | AF8: 9.5 | AG8: 4.5 | AH8: 7.5 | AI8: 2 | AJ8: =SUM(AD8:AI8) -> 44
B9: 46086 | C9: 1 | D9: 1 | E9: 1 | F9: 0 | G9: 0 | H9: 3 | I9: 3 | J9: 1 | K9: 2 | L9: 0 | M9: 0 | N9: 1 | O9: 0 | P9: 0 | Q9: 49.6 | R9: 0 | S9: 7 | T9: 176.01 | U9: 1211 | V9: 172 | W9: 3 | X9: 1 | Y9: 1 | Z9: 1 | AA9: 5 | AB9: 1 | AC9: =SUM(W9:AB9) -> 12 | AD9: 8.5 | AE9: 3 | AF9: 4 | AG9: 2.5 | AH9: 13 | AI9: 2 | AJ9: =SUM(AD9:AI9) -> 33
B10: 46087 | C10: 4 | D10: 3 | E10: 0 | F10: 3 | G10: 0 | H10: 0 | I10: 0 | J10: 0 | K10: 0 | L10: 0 | M10: 1 | N10: 0 | O10: 0 | P10: 0 | Q10: 57.8 | R10: 0 | S10: 12 | T10: 268.84 | U10: 1692 | V10: 93 | W10: 2 | X10: 0 | Y10: 2 | Z10: 1 | AA10: 3 | AB10: 1 | AC10: =SUM(W10:AB10) -> 9 | AD10: 6 | AE10: 0 | AF10: 9.5 | AG10: 4 | AH10: 13.5 | AI10: 5 | AJ10: =SUM(AD10:AI10) -> 38
A11: TOTAL | C11: =SUM(C6:C10) -> 14 | D11: =SUM(D6:D10) -> 13 | E11: =SUM(E6:E10) -> 2 | F11: =SUM(F6:F10) -> 11 | G11: =SUM(G6:G10) -> 0 | H11: =SUM(H6:H10) -> 10 | I11: =SUM(I6:I10) -> 9 | J11: =SUM(J6:J10) -> 4 | ... AJ11: =SUM(AJ6:AJ10) -> 211
A12: WEEK 2 | B12: 46090 | C12: 0 | D12: 0 | E12: 0 | F12: 0 | G12: 0 | H12: 2 | I12: 2 | J12: 1 | K12: 1 | L12: 0 | M12: 1 | N12: 0 | O12: 0 | P12: 0 | Q12: 0 | R12: 3.6 | S12: 6 | T12: 148.02 | U12: 2025 | V12: 284 | W12: 1 | X12: 1 | Y12: 1 | Z12: 1 | AA12: 1 | AB12: 4 | AC12: =SUM(W12:AB12) -> 9 | AD12: 2 | AE12: 5.5 | AF12: 2.5 | AG12: 2 | AH12: 5 | AI12: 12.5 | AJ12: =SUM(AD12:AI12) -> 29.5
B13: 46091 | C13: 3 | D13: 2 | E13: 0 | F13: 2 | G13: 0 | H13: 3 | I13: 2 | J13: 1 | K13: 1 | L13: 0 | M13: 0 | N13: 0 | O13: 0 | P13: 0 | Q13: 38.1 | R13: 0 | S13: 12 | T13: 204.01 | U13: 260 | V13: 16 | W13: 4 | X13: 1 | Y13: 2 | Z13: 1 | AA13: 1 | AB13: 2 | AC13: =SUM(W13:AB13) -> 11 | AD13: 17 | AE13: 2 | AF13: 6.5 | AG13: 4 | AH13: 4 | AI13: 9 | AJ13: =SUM(AD13:AI13) -> 42.5
B14: 46092 | C14: 1 | D14: 0 | E14: 0 | F14: 0 | G14: 0 | H14: 2 | I14: 2 | J14: 1 | K14: 1 | L14: 0 | M14: 2 | N14: 0 | O14: 0 | P14: 0 | Q14: 41.1 | R14: 0 | S14: 11 | T14: 132.74 | U14: 348 | V14: 10 | W14: 1 | X14: 1 | Y14: 1 | Z14: 0 | AA14: 1 | AB14: 1 | AC14: =SUM(W14:AB14) -> 5 | AD14: 4.5 | AE14: 4 | AF14: 3.5 | AG14: 0 | AH14: 5.5 | AI14: 5 | AJ14: =SUM(AD14:AI14) -> 22.5
B15: 46093 | C15: 1 | D15: 1 | E15: 0 | F15: 1 | G15: 0 | H15: 0 | I15: 0 | J15: 0 | K15: 0 | L15: 0 | M15: 1 | N15: 1 | O15: 0 | P15: 0 | Q15: 27.2 | R15: 0 | S15: 10 | T15: 251.42 | U15: 1368 | V15: 191 | W15: 4 | X15: 1 | Y15: 2 | Z15: 1 | AA15: 5 | AB15: 1 | AC15: =SUM(W15:AB15) -> 14 | AD15: 18 | AE15: 4.5 | AF15: 8.5 | AG15: 2 | AH15: 23.5 | AI15: 2.5 | AJ15: =SUM(AD15:AI15) -> 59
B16: 46094 | C16: 0 | D16: 0 | E16: 0 | F16: 0 | G16: 0 | H16: 0 | I16: 0 | J16: 0 | K16: 0 | L16: 0 | M16: 0 | N16: 1 | O16: 0 | P16: 0 | Q16: 28.3 | R16: 0 | S16: 4 | T16: 95.88 | U16: 992 | V16: 115 | W16: 4 | X16: 1 | Y16: 1 | Z16: 2 | AA16: 1 | AB16: 1 | AC16: =SUM(W16:AB16) -> 10 | AD16: 9 | AE16: 4.5 | AF16: 4 | AG16: 11 | AH16: 2.5 | AI16: 4.5 | AJ16: =SUM(AD16:AI16) -> 35.5
A17: TOTAL | C17: =SUM(C12:C16) -> 5 | D17: =SUM(D12:D16) -> 3 | E17: =SUM(E12:E16) -> 0 | F17: =SUM(F12:F16) -> 3 | G17: =SUM(G12:G16) -> 0 | H17: =SUM(H12:H16) -> 7 | I17: =SUM(I12:I16) -> 6 | J17: =SUM(J12:J16) -> 3 | ... AJ17: =SUM(AJ12:AJ16) -> 189
A18: WEEK 3 | B18: 46097 | C18: 0 | D18: 0 | E18: 0 | F18: 0 | G18: 0 | H18: 3 | I18: 3 | J18: 0 | K18: 3 | L18: 0 | M18: 1 | N18: 0 | O18: 0 | P18: 0 | Q18: 44.7 | R18: 0 | S18: 11 | T18: 285.51 | U18: 562 | V18: 71 | W18: 4 | X18: 1 | Y18: 2 | Z18: 1 | AA18: 4 | AB18: 1 | AC18: =SUM(W18:AB18) -> 13 | AD18: 14.5 | AE18: 3.5 | AF18: 10.5 | AG18: 3 | AH18: 8.5 | AI18: 4 | AJ18: =SUM(AD18:AI18) -> 44
B19: 46098 | C19: 0 | D19: 0 | E19: 0 | F19: 0 | G19: 0 | H19: 1 | I19: 0 | J19: 0 | K19: 0 | L19: 0 | M19: 1 | N19: 0 | O19: 0 | P19: 0 | Q19: 28.3 | R19: 0 | S19: 7 | T19: 139.41 | U19: 2011 | V19: 233 | W19: 1 | X19: 1 | Y19: 1 | Z19: 0 | AA19: 4 | AB19: 3 | AC19: =SUM(W19:AB19) -> 10 | AD19: 3 | AE19: 4 | AF19: 2.5 | AG19: 0 | AH19: 21.5 | AI19: 15 | AJ19: =SUM(AD19:AI19) -> 46
B20: 46099 | C20: 3 | D20: 3 | E20: 0 | F20: 2 | G20: 1 | H20: 1 | I20: 1 | J20: 1 | K20: 0 | L20: 0 | M20: 0 | N20: 0 | O20: 0 | P20: 0 | Q20: 52.7 | R20: 0 | S20: 11 | T20: 263.23 | U20: 1807 | V20: 234 | W20: 2 | X20: 0 | Y20: 2 | Z20: 0 | AA20: 5 | AB20: 2 | AC20: =SUM(W20:AB20) -> 11 | AD20: 7 | AE20: 0 | AF20: 7.5 | AG20: 0 | AH20: 25.5 | AI20: 6 | AJ20: =SUM(AD20:AI20) -> 46
B21: 46100 | C21: 4 | D21: 4 | E21: 1 | F21: 3 | G21: 0 | H21: 3 | I21: 3 | J21: 1 | K21: 1 | L21: 1 | M21: 1 | N21: 1 | O21: 0 | P21: 0 | Q21: 37.9 | R21: 0 | S21: 4 | T21: 55.06 | U21: 1187 | V21: 53 | W21: 2 | X21: 0 | Y21: 0 | Z21: 2 | AA21: 5 | AB21: 4 | AC21: =SUM(W21:AB21) -> 13 | AD21: 6.5 | AE21: 0 | AF21: 0 | AG21: 9 | AH21: 16 | AI21: 10.5 | AJ21: =SUM(AD21:AI21) -> 42
B22: 46101 | C22: 3 | D22: 3 | E22: 1 | F22: 2 | G22: 0 | H22: 1 | I22: 1 | J22: 1 | K22: 0 | L22: 0 | M22: 0 | N22: 0 | O22: 0 | P22: 0 | Q22: 35.8 | R22: 3.9 | S22: 5 | T22: 146.82 | U22: 854 | V22: 69 | W22: 1 | X22: 0 | Y22: 1 | Z22: 1 | AA22: 4 | AB22: 3 | AC22: =SUM(W22:AB22) -> 10 | AD22: 3 | AE22: 0 | AF22: 4.5 | AG22: 2.5 | AH22: 10 | AI22: 9 | AJ22: =SUM(AD22:AI22) -> 29
A23: TOTAL | C23: =SUM(C18:C22) -> 10 | D23: =SUM(D18:D22) -> 10 | E23: =SUM(E18:E22) -> 2 | F23: =SUM(F18:F22) -> 7 | G23: =SUM(G18:G22) -> 1 | H23: =SUM(H18:H22) -> 9 | I23: =SUM(I18:I22) -> 8 | J23: =SUM(J18:J22) -> 3 | ... AJ23: =SUM(AJ18:AJ22) -> 207
A24: WEEK 4 | B24: 46104 | C24: 2 | D24: 2 | E24: 0 | F24: 2 | G24: 0 | H24: 3 | I24: 3 | J24: 1 | K24: 2 | L24: 0 | M24: 0 | N24: 0 | O24: 1 | P24: 1 | Q24: 43.9 | R24: 0 | S24: 4 | T24: 115.23 | U24: 621 | V24: 88 | W24: 4 | X24: 0 | Y24: 1 | Z24: 0 | AA24: 2 | AB24: 1 | AC24: =SUM(W24:AB24) -> 8 | AD24: 17 | AE24: 0 | AF24: 2.5 | AG24: 0 | AH24: 7 | AI24: 4 | AJ24: =SUM(AD24:AI24) -> 30.5
B25: 46105 | C25: 4 | D25: 3 | E25: 1 | F25: 2 | G25: 0 | H25: 3 | I25: 3 | J25: 1 | K25: 2 | L25: 0 | M25: 0 | N25: 0 | O25: 1 | P25: 0 | Q25: 24.4 | R25: 0 | S25: 4 | T25: 122.04 | U25: 794 | V25: 45 | W25: 4 | X25: 0 | Y25: 1 | Z25: 2 | AA25: 2 | AB25: 1 | AC25: =SUM(W25:AB25) -> 10 | AD25: 12.5 | AE25: 0 | AF25: 4 | AG25: 10 | AH25: 7.5 | AI25: 3.5 | AJ25: =SUM(AD25:AI25) -> 37.5
B26: 46106 | C26: 4 | D26: 4 | E26: 0 | F26: 4 | G26: 0 | H26: 0 | I26: 0 | J26: 0 | K26: 0 | L26: 0 | M26: 1 | N26: 0 | O26: 0 | P26: 0 | Q26: 15.5 | R26: 2.7 | S26: 18 | T26: 477.18 | U26: 821 | V26: 127 | W26: 3 | X26: 1 | Y26: 0 | Z26: 0 | AA26: 4 | AB26: 4 | AC26: =SUM(W26:AB26) -> 12 | AD26: 11 | AE26: 2 | AF26: 0 | AG26: 0 | AH26: 20 | AI26: 8.5 | AJ26: =SUM(AD26:AI26) -> 41.5
B27: 46107 | C27: 2 | D27: 2 | E27: 1 | F27: 1 | G27: 0 | H27: 0 | I27: 0 | J27: 0 | K27: 0 | L27: 0 | M27: 2 | N27: 1 | O27: 0 | P27: 0 | Q27: 48 | R27: 18.6 | S27: 6 | T27: 101.09 | U27: 894 | V27: 86 | W27: 2 | X27: 2 | Y27: 2 | Z27: 0 | AA27: 5 | AB27: 4 | AC27: =SUM(W27:AB27) -> 15 | AD27: 6 | AE27: 6 | AF27: 6.5 | AG27: 0 | AH27: 25.5 | AI27: 8.5 | AJ27: =SUM(AD27:AI27) -> 52.5
B28: 46108 | C28: 3 | D28: 3 | E28: 1 | F28: 2 | G28: 0 | H28: 3 | I28: 3 | J28: 1 | K28: 2 | L28: 0 | M28: 0 | N28: 0 | O28: 1 | P28: 0 | Q28: 8 | R28: 0 | S28: 8 | T28: 202.26 | U28: 1705 | V28: 150 | W28: 3 | X28: 2 | Y28: 1 | Z28: 1 | AA28: 1 | AB28: 2 | AC28: =SUM(W28:AB28) -> 10 | AD28: 13 | AE28: 8.5 | AF28: 3 | AG28: 3 | AH28: 3.5 | AI28: 6 | AJ28: =SUM(AD28:AI28) -> 37
A29: TOTAL | C29: =SUM(C24:C28) -> 15 | D29: =SUM(D24:D28) -> 14 | E29: =SUM(E24:E28) -> 3 | F29: =SUM(F24:F28) -> 11 | G29: =SUM(G24:G28) -> 0 | H29: =SUM(H24:H28) -> 9 | I29: =SUM(I24:I28) -> 9 | J29: =SUM(J24:J28) -> 3 | ... AJ29: =SUM(AJ24:AJ28) -> 199
A30: WEEK 5 | B30: 46111 | C30: 2 | D30: 2 | E30: 1 | F30: 1 | G30: 0 | H30: 0 | I30: 0 | J30: 0 | K30: 0 | L30: 0 | M30: 1 | N30: 1 | O30: 0 | P30: 0 | Q30: 26.6 | R30: 0 | S30: 21 | T30: 449.14 | U30: 1954 | V30: 189 | W30: 1 | X30: 0 | Y30: 2 | Z30: 2 | AA30: 1 | AB30: 4 | AC30: =SUM(W30:AB30) -> 10 | AD30: 3.5 | AE30: 0 | AF30: 4 | AG30: 4 | AH30: 2 | AI30: 18 | AJ30: =SUM(AD30:AI30) -> 31.5
B31: 46112 | C31: 0 | D31: 0 | E31: 0 | F31: 0 | G31: 0 | H31: 2 | I31: 2 | J31: 1 | K31: 1 | L31: 0 | M31: 2 | N31: 0 | O31: 1 | P31: 0 | Q31: 21.1 | R31: 6.2 | S31: 4 | T31: 109.12 | U31: 1619 | V31: 107 | W31: 1 | X31: 0 | Y31: 2 | Z31: 0 | AA31: 4 | AB31: 4 | AC31: =SUM(W31:AB31) -> 11 | AD31: 3.5 | AE31: 0 | AF31: 4.5 | AG31: 0 | AH31: 11 | AI31: 20 | AJ31: =SUM(AD31:AI31) -> 39
AC32: =SUM(W32:AB32) -> 0 | AJ32: =SUM(AD32:AI32) -> 0
AC33: =SUM(W33:AB33) -> 0 | AJ33: =SUM(AD33:AI33) -> 0
AC34: =SUM(W34:AB34) -> 0 | AJ34: =SUM(AD34:AI34) -> 0
A35: TOTAL | C35: =SUM(C30:C31) -> 2 | D35: =SUM(D30:D31) -> 2 | E35: =SUM(E30:E31) -> 1 | F35: =SUM(F30:F31) -> 1 | G35: =SUM(G30:G31) -> 0 | H35: =SUM(H30:H31) -> 2 | I35: =SUM(I30:I31) -> 2 | J35: =SUM(J30:J31) -> 1 | ... AJ35: =SUM(AJ30:AJ31) -> 70.5
A36: MARCH-GRAND TOTAL | C36: =C11+C17+C23+C29+C35 -> 46 | D36: =D11+D17+D23+D29+D35 -> 42 | E36: =E11+E17+E23+E29+E35 -> 8 | F36: =F11+F17+F23+F29+F35 -> 33 | G36: =G11+G17+G23+G29+G35 -> 1 | H36: =H11+H17+H23+H29+H35 -> 37 | I36: =I11+I17+I23+I29+I35 -> 34 | J36: =J11+J17+J23+J29+J35 -> 14 | ... AJ36: =AJ11+AJ17+AJ23+AJ29+AJ35 -> 876.5

Sheet April
E1: MONTHLY OPERATIONS REPORT - YFS - WELLINGTON HUB
C4: Interview Styling | H4: Confidence Styling | M4: WEV Program | Q4: Donations(kg) | S4: Terrace Income | U4: Marketing | W4: Volunteer Count by category | AD4: Volunteer Hours by category
A5: APRIL | B5: Date | C5: Registrations | D5: Completed | E5: Male | F5: Female | G5: Non-Binary | H5: Registrations | I5: Completed | J5: Male | K5: Female | L5: Non-Binary | M5: Registrations | N5: Onboarded | O5: Offboarded | P5: Employed | Q5: Donations Received | R5: Re-Donations | S5: Customers Purchased | T5: Total Income | U5: Social Media Outreach | V5: Social Media Engagement | W5: Retail | X5: HR | Y5: Business Supprt | Z5: Marketing | AA5: Stylist | AB5: Clothing Management | AC5: Total | AD5: Retail | AE5: HR | AF5: Business Support | AG5: Marketing | AH5: Stylist | AI5: Clothing Management | AJ5: Total
A6: WEEK 1 | AC6: =SUM(W6:AB6) -> 0 | AJ6: =SUM(AD6:AI6) -> 0
AC7: =SUM(W7:AB7) -> 0 | AJ7: =SUM(AD7:AI7) -> 0
B8: 46113 | C8: 1 | D8: 1 | E8: 0 | F8: 1 | G8: 0 | H8: 1 | I8: 1 | J8: 0 | K8: 1 | L8: 0 | M8: 0 | N8: 0 | O8: 0 | P8: 0 | Q8: 11.1 | R8: 0 | S8: 7 | T8: 194.06 | U8: 1122 | V8: 67 | W8: 4 | X8: 1 | Y8: 0 | Z8: 2 | AA8: 3 | AB8: 3 | AC8: =SUM(W8:AB8) -> 13 | AD8: 17 | AE8: 3.5 | AF8: 0 | AG8: 5.5 | AH8: 15 | AI8: 15.5 | AJ8: =SUM(AD8:AI8) -> 56.5
B9: 46114 | C9: 4 | D9: 4 | E9: 0 | F9: 4 | G9: 0 | H9: 2 | I9: 2 | J9: 1 | K9: 1 | L9: 0 | M9: 0 | N9: 0 | O9: 0 | P9: 0 | Q9: 50.5 | R9: 4.2 | S9: 5 | T9: 147.79 | U9: 869 | V9: 55 | W9: 3 | X9: 1 | Y9: 1 | Z9: 1 | AA9: 4 | AB9: 4 | AC9: =SUM(W9:AB9) -> 14 | AD9: 14.5 | AE9: 2.5 | AF9: 4 | AG9: 5.5 | AH9: 16 | AI9: 19 | AJ9: =SUM(AD9:AI9) -> 61.5
B10: 46115 | C10: 3 | D10: 2 | E10: 1 | F10: 1 | G10: 0 | H10: 0 | I10: 0 | J10: 0 | K10: 0 | L10: 0 | M10: 1 | N10: 0 | O10: 0 | P10: 0 | Q10: 63 | R10: 0 | S10: 10 | T10: 157.22 | U10: 1655 | V10: 98 | W10: 3 | X10: 1 | Y10: 1 | Z10: 0 | AA10: 1 | AB10: 1 | AC10: =SUM(W10:AB10) -> 7 | AD10: 6.5 | AE10: 5.5 | AF10: 2.5 | AG10: 0 | AH10: 2.5 | AI10: 3.5 | AJ10: =SUM(AD10:AI10) -> 20.5
A11: TOTAL | C11: =SUM(C8:C10) -> 8 | D11: =SUM(D8:D10) -> 7 | E11: =SUM(E8:E10) -> 1 | F11: =SUM(F8:F10) -> 6 | G11: =SUM(G8:G10) -> 0 | H11: =SUM(H8:H10) -> 3 | I11: =SUM(I8:I10) -> 3 | J11: =SUM(J8:J10) -> 1 | ... AJ11: =SUM(AJ8:AJ10) -> 138.5
A12: WEEK 2 | B12: 46118 | C12: 0 | D12: 0 | E12: 0 | F12: 0 | G12: 0 | H12: 1 | I12: 0 | J12: 0 | K12: 0 | L12: 0 | M12: 1 | N12: 0 | O12: 0 | P12: 1 | Q12: 49.5 | R12: 7.1 | S12: 16 | T12: 237.6 | U12: 552 | V12: 83 | W12: 1 | X12: 1 | Y12: 0 | Z12: 1 | AA12: 3 | AB12: 1 | AC12: =SUM(W12:AB12) -> 7 | AD12: 4.5 | AE12: 3.5 | AF12: 0 | AG12: 5 | AH12: 13.5 | AI12: 2.5 | AJ12: =SUM(AD12:AI12) -> 29
B13: 46119 | C13: 4 | D13: 3 | E13: 0 | F13: 3 | G13: 0 | H13: 1 | I13: 1 | J13: 0 | K13: 1 | L13: 0 | M13: 0 | N13: 0 | O13: 0 | P13: 0 | Q13: 14.4 | R13: 0 | S13: 9 | T13: 241.49 | U13: 1799 | V13: 234 | W13: 3 | X13: 0 | Y13: 1 | Z13: 0 | AA13: 1 | AB13: 3 | AC13: =SUM(W13:AB13) -> 8 | AD13: 7.5 | AE13: 0 | AF13: 5 | AG13: 0 | AH13: 4.5 | AI13: 11.5 | AJ13: =SUM(AD13:AI13) -> 28.5
B14: 46120 | C14: 0 | D14: 0 | E14: 0 | F14: 0 | G14: 0 | H14: 0 | I14: 0 | J14: 0 | K14: 0 | L14: 0 | M14: 0 | N14: 1 | O14: 1 | P14: 0 | Q14: 22.2 | R14: 0 | S14: 11 | T14: 254.04 | U14: 1903 | V14: 57 | W14: 1 | X14: 0 | Y14: 1 | Z14: 0 | AA14: 4 | AB14: 3 | AC14: =SUM(W14:AB14) -> 9 | AD14: 3 | AE14: 0 | AF14: 3 | AG14: 0 | AH14: 11 | AI14: 11 | AJ14: =SUM(AD14:AI14) -> 28
B15: 46121 | C15: 4 | D15: 4 | E15: 1 | F15: 3 | G15: 0 | H15: 1 | I15: 1 | J15: 1 | K15: 0 | L15: 0 | M15: 0 | N15: 0 | O15: 0 | P15: 0 | Q15: 21.6 | R15: 0 | S15: 12 | T15: 311.82 | U15: 1277 | V15: 86 | W15: 1 | X15: 1 | Y15: 0 | Z15: 1 | AA15: 1 | AB15: 2 | AC15: =SUM(W15:AB15) -> 6 | AD15: 2.5 | AE15: 3.5 | AF15: 0 | AG15: 3.5 | AH15: 3 | AI15: 6 | AJ15: =SUM(AD15:AI15) -> 18.5
B16: 46122 | C16: 4 | D16: 3 | E16: 1 | F16: 2 | G16: 0 | H16: 2 | I16: 2 | J16: 1 | K16: 1 | L16: 0 | M16: 1 | N16: 0 | O16: 1 | P16: 0 | Q16: 31 | R16: 0 | S16: 3 | T16: 55.94 | U16: 1628 | V16: 63 | W16: 3 | X16: 2 | Y16: 2 | Z16: 1 | AA16: 4 | AB16: 4 | AC16: =SUM(W16:AB16) -> 16 | AD16: 12.5 | AE16: 7 | AF16: 4.5 | AG16: 5 | AH16: 17.5 | AI16: 16 | AJ16: =SUM(AD16:AI16) -> 62.5
A17: TOTAL | C17: =SUM(C12:C16) -> 12 | D17: =SUM(D12:D16) -> 10 | E17: =SUM(E12:E16) -> 2 | F17: =SUM(F12:F16) -> 8 | G17: =SUM(G12:G16) -> 0 | H17: =SUM(H12:H16) -> 5 | I17: =SUM(I12:I16) -> 4 | J17: =SUM(J12:J16) -> 2 | ... AJ17: =SUM(AJ12:AJ16) -> 166.5
A18: WEEK 3 | B18: 46125 | C18: 2 | D18: 2 | E18: 0 | F18: 2 | G18: 0 | H18: 0 | I18: 0 | J18: 0 | K18: 0 | L18: 0 | M18: 0 | N18: 0 | O18: 0 | P18: 0 | Q18: 23.3 | R18: 2.1 | S18: 6 | T18: 112.78 | U18: 1868 | V18: 105 | W18: 2 | X18: 2 | Y18: 1 | Z18: 0 | AA18: 3 | AB18: 2 | AC18: =SUM(W18:AB18) -> 10 | AD18: 8.5 | AE18: 9 | AF18: 3.5 | AG18: 0 | AH18: 11 | AI18: 5.5 | AJ18: =SUM(AD18:AI18) -> 37.5
B19: 46126 | C19: 1 | D19: 1 | E19: 1 | F19: 0 | G19: 0 | H19: 2 | I19: 2 | J19: 0 | K19: 2 | L19: 0 | M19: 2 | N19: 0 | O19: 0 | P19: 0 | Q19: 14.1 | R19: 0 | S19: 3 | T19: 79.61 | U19: 1727 | V19: 269 | W19: 4 | X19: 1 | Y19: 2 | Z19: 0 | AA19: 5 | AB19: 3 | AC19: =SUM(W19:AB19) -> 15 | AD19: 19 | AE19: 2.5 | AF19: 5 | AG19: 0 | AH19: 19 | AI19: 14 | AJ19: =SUM(AD19:AI19) -> 59.5
B20: 46127 | C20: 3 | D20: 3 | E20: 1 | F20: 2 | G20: 0 | H20: 1 | I20: 1 | J20: 0 | K20: 1 | L20: 0 | M20: 0 | N20: 0 | O20: 0 | P20: 0 | Q20: 20.7 | R20: 0 | S20: 14 | T20: 261.09 | U20: 794 | V20: 104 | W20: 3 | X20: 0 | Y20: 2 | Z20: 0 | AA20: 1 | AB20: 4 | AC20: =SUM(W20:AB20) -> 10 | AD20: 7.5 | AE20: 0 | AF20: 9.5 | AG20: 0 | AH20: 4 | AI20: 17 | AJ20: =SUM(AD20:AI20) -> 38
B21: 46128 | C21: 0 | D21: 0 | E21: 0 | F21: 0 | G21: 0 | H21: 2 | I21: 2 | J21: 0 | K21: 2 | L21: 0 | M21: 0 | N21: 1 | O21: 0 | P21: 0 | Q21: 43.7 | R21: 0 | S21: 14 | T21: 364.07 | U21: 323 | V21: 38 | W21: 2 | X21: 0 | Y21: 1 | Z21: 2 | AA21: 2 | AB21: 2 | AC21: =SUM(W21:AB21) -> 9 | AD21: 6.5 | AE21: 0 | AF21: 3.5 | AG21: 5 | AH21: 10.5 | AI21: 8.5 | AJ21: =SUM(AD21:AI21) -> 34
B22: 46129 | C22: 1 | D22: 1 | E22: 0 | F22: 1 | G22: 0 | H22: 1 | I22: 1 | J22: 1 | K22: 0 | L22: 0 | M22: 0 | N22: 0 | O22: 1 | P22: 0 | Q22: 45.9 | R22: 15.7 | S22: 14 | T22: 233.57 | U22: 526 | V22: 24 | W22: 4 | X22: 0 | Y22: 1 | Z22: 0 | AA22: 2 | AB22: 3 | AC22: =SUM(W22:AB22) -> 10 | AD22: 19.5 | AE22: 0 | AF22: 3 | AG22: 0 | AH22: 6.5 | AI22: 7 | AJ22: =SUM(AD22:AI22) -> 36
A23: TOTAL | C23: =SUM(C18:C22) -> 7 | D23: =SUM(D18:D22) -> 7 | E23: =SUM(E18:E22) -> 2 | F23: =SUM(F18:F22) -> 5 | G23: =SUM(G18:G22) -> 0 | H23: =SUM(H18:H22) -> 6 | I23: =SUM(I18:I22) -> 6 | J23: =SUM(J18:J22) -> 1 | ... AJ23: =SUM(AJ18:AJ22) -> 205
A24: WEEK 4 | B24: 46132 | C24: 4 | D24: 4 | E24: 1 | F24: 3 | G24: 0 | H24: 1 | I24: 1 | J24: 1 | K24: 0 | L24: 0 | M24: 0 | N24: 0 | O24: 0 | P24: 0 | Q24: 17.7 | R24: 6.4 | S24: 13 | T24: 242.66 | U24: 657 | V24: 20 | W24: 2 | X24: 0 | Y24: 2 | Z24: 1 | AA24: 1 | AB24: 1 | AC24: =SUM(W24:AB24) -> 7 | AD24: 5 | AE24: 0 | AF24: 4 | AG24: 5 | AH24: 3.5 | AI24: 3.5 | AJ24: =SUM(AD24:AI24) -> 21
B25: 46133 | C25: 3 | D25: 3 | E25: 0 | F25: 3 | G25: 0 | H25: 3 | I25: 2 | J25: 0 | K25: 2 | L25: 0 | M25: 1 | N25: 0 | O25: 0 | P25: 0 | Q25: 0 | R25: 4.5 | S25: 9 | T25: 228.26 | U25: 1213 | V25: 142 | W25: 1 | X25: 1 | Y25: 2 | Z25: 0 | AA25: 2 | AB25: 2 | AC25: =SUM(W25:AB25) -> 8 | AD25: 2.5 | AE25: 3 | AF25: 9.5 | AG25: 0 | AH25: 8.5 | AI25: 8.5 | AJ25: =SUM(AD25:AI25) -> 32
B26: 46134 | C26: 1 | D26: 1 | E26: 0 | F26: 1 | G26: 0 | H26: 0 | I26: 0 | J26: 0 | K26: 0 | L26: 0 | M26: 1 | N26: 0 | O26: 0 | P26: 0 | Q26: 36 | R26: 0 | S26: 13 | T26: 312.74 | U26: 1272 | V26: 43 | W26: 4 | X26: 1 | Y26: 1 | Z26: 0 | AA26: 3 | AB26: 2 | AC26: =SUM(W26:AB26) -> 11 | AD26: 22 | AE26: 2.5 | AF26: 4.5 | AG26: 0 | AH26: 10.5 | AI26: 4.5 | AJ26: =SUM(AD26:AI26) -> 44
B27: 46135 | C27: 3 | D27: 3 | E27: 0 | F27: 3 | G27: 0 | H27: 1 | I27: 1 | J27: 1 | K27: 0 | L27: 0 | M27: 1 | N27: 0 | O27: 1 | P27: 0 | Q27: 45 | R27: 13.5 | S27: 13 | T27: 274.17 | U27: 1095 | V27: 58 | W27: 4 | X27: 2 | Y27: 1 | Z27: 0 | AA27: 3 | AB27: 3 | AC27: =SUM(W27:AB27) -> 13 | AD27: 8.5 | AE27: 9 | AF27: 3 | AG27: 0 | AH27: 12 | AI27: 14 | AJ27: =SUM(AD27:AI27) -> 46.5
B28: 46136 | C28: 0 | D28: 0 | E28: 0 | F28: 0 | G28: 0 | H28: 1 | I28: 1 | J28: 1 | K28: 0 | L28: 0 | M28: 2 | N28: 0 | O28: 0 | P28: 0 | Q28: 20.3 | R28: 4.6 | S28: 4 | T28: 63.24 | U28: 500 | V28: 49 | W28: 3 | X28: 0 | Y28: 1 | Z28: 1 | AA28: 4 | AB28: 2 | AC28: =SUM(W28:AB28) -> 11 | AD28: 8 | AE28: 0 | AF28: 2 | AG28: 3 | AH28: 13.5 | AI28: 7.5 | AJ28: =SUM(AD28:AI28) -> 34
A29: TOTAL | C29: =SUM(C24:C28) -> 11 | D29: =SUM(D24:D28) -> 11 | E29: =SUM(E24:E28) -> 1 | F29: =SUM(F24:F28) -> 10 | G29: =SUM(G24:G28) -> 0 | H29: =SUM(H24:H28) -> 6 | I29: =SUM(I24:I28) -> 5 | J29: =SUM(J24:J28) -> 3 | ... AJ29: =SUM(AJ24:AJ28) -> 177.5
A30: WEEK 5 | B30: 46139 | C30: 4 | D30: 3 | E30: 0 | F30: 3 | G30: 0 | H30: 3 | I30: 3 | J30: 1 | K30: 2 | L30: 0 | M30: 1 | N30: 1 | O30: 0 | P30: 0 | Q30: 0 | R30: 11.3 | S30: 14 | T30: 173.35 | U30: 1302 | V30: 43 | W30: 2 | X30: 1 | Y30: 1 | Z30: 2 | AA30: 2 | AB30: 2 | AC30: =SUM(W30:AB30) -> 10 | AD30: 7 | AE30: 2.5 | AF30: 2.5 | AG30: 5.5 | AH30: 4.5 | AI30: 9.5 | AJ30: =SUM(AD30:AI30) -> 31.5
B31: 46140 | C31: 3 | D31: 3 | E31: 1 | F31: 2 | G31: 0 | H31: 0 | I31: 0 | J31: 0 | K31: 0 | L31: 0 | M31: 1 | N31: 0 | O31: 0 | P31: 0 | Q31: 12.1 | R31: 11.1 | S31: 20 | T31: 524.4 | U31: 1880 | V31: 87 | W31: 2 | X31: 0 | Y31: 1 | Z31: 1 | AA31: 3 | AB31: 4 | AC31: =SUM(W31:AB31) -> 11 | AD31: 5 | AE31: 0 | AF31: 4.5 | AG31: 4 | AH31: 14 | AI31: 13 | AJ31: =SUM(AD31:AI31) -> 40.5
B32: 46141 | C32: 4 | D32: 4 | E32: 0 | F32: 4 | G32: 0 | H32: 1 | I32: 0 | J32: 0 | K32: 0 | L32: 0 | M32: 0 | N32: 1 | O32: 1 | P32: 0 | Q32: 20.4 | R32: 0 | S32: 11 | T32: 300.55 | U32: 1759 | V32: 38 | W32: 3 | X32: 0 | Y32: 0 | Z32: 0 | AA32: 3 | AB32: 3 | AC32: =SUM(W32:AB32) -> 9 | AD32: 14 | AE32: 0 | AF32: 0 | AG32: 0 | AH32: 13.5 | AI32: 6.5 | AJ32: =SUM(AD32:AI32) -> 34
B33: 46142 | C33: 0 | D33: 0 | E33: 0 | F33: 0 | G33: 0 | H33: 1 | I33: 0 | J33: 0 | K33: 0 | L33: 0 | M33: 2 | N33: 0 | O33: 1 | P33: 0 | Q33: 37.7 | R33: 21.6 | S33: 6 | T33: 113.55 | U33: 1665 | V33: 174 | W33: 2 | X33: 1 | Y33: 1 | Z33: 1 | AA33: 5 | AB33: 3 | AC33: =SUM(W33:AB33) -> 13 | AD33: 9 | AE33: 5 | AF33: 5.5 | AG33: 4.5 | AH33: 19.5 | AI33: 15.5 | AJ33: =SUM(AD33:AI33) -> 59
AC34: =SUM(W34:AB34) -> 0 | AJ34: =SUM(AD34:AI34) -> 0
A35: TOTAL | C35: =SUM(C30:C33) -> 11 | D35: =SUM(D30:D33) -> 10 | E35: =SUM(E30:E33) -> 1 | F35: =SUM(F30:F33) -> 9 | G35: =SUM(G30:G33) -> 0 | H35: =SUM(H30:H33) -> 5 | I35: =SUM(I30:I33) -> 3 | J35: =SUM(J30:J33) -> 1 | ... AJ35: =SUM(AJ30:AJ33) -> 165
A36: APRIL -GRAND TOTAL | C36: =C11+C17+C23+C29+C35 -> 49 | D36: =D11+D17+D23+D29+D35 -> 45 | E36: =E11+E17+E23+E29+E35 -> 7 | F36: =F11+F17+F23+F29+F35 -> 38 | G36: =G11+G17+G23+G29+G35 -> 0 | H36: =H11+H17+H23+H29+H35 -> 25 | I36: =I11+I17+I23+I29+I35 -> 21 | J36: =J11+J17+J23+J29+J35 -> 8 | ... AJ36: =AJ11+AJ17+AJ23+AJ29+AJ35 -> 852.5

Sheet May
E1: MONTHLY OPERATIONS REPORT - YFS - WELLINGTON HUB
C4: Interview Styling | H4: Confidence Styling | M4: WEV Program | Q4: Donations(kg) | S4: Terrace Income | U4: Marketing | W4: Volunteer Count by category | AD4: Volunteer Hours by category
A5: MAY | B5: Date | C5: Registrations | D5: Completed | E5: Male | F5: Female | G5: Non-Binary | H5: Registrations | I5: Completed | J5: Male | K5: Female | L5: Non-Binary | M5: Registrations | N5: Onboarded | O5: Offboarded | P5: Employed | Q5: Donations Received | R5: Re-Donations | S5: Customers Purchased | T5: Total Income | U5: Social Media Outreach | V5: Social Media Engagement | W5: Retail | X5: HR | Y5: Business Supprt | Z5: Marketing | AA5: Stylist | AB5: Clothing Management | AC5: Total | AD5: Retail | AE5: HR | AF5: Business Support | AG5: Marketing | AH5: Stylist | AI5: Clothing Management | AJ5: Total
A6: WEEK 1 | AC6: =SUM(W6:AB6) -> 0 | AJ6: =SUM(AD6:AI6) -> 0
AC7: =SUM(W7:AB7) -> 0 | AJ7: =SUM(AD7:AI7) -> 0
AC8: =SUM(W8:AB8) -> 0 | AJ8: =SUM(AD8:AI8) -> 0
AC9: =SUM(W9:AB9) -> 0 | AJ9: =SUM(AD9:AI9) -> 0
B10: 46143 | C10: 3 | D10: 3 | E10: 1 | F10: 2 | G10: 0 | H10: 3 | I10: 2 | J10: 0 | K10: 2 | L10: 0 | M10: 1 | N10: 0 | O10: 0 | P10: 0 | Q10: 34.8 | R10: 10.4 | S10: 11 | T10: 182.41 | U10: 1581 | V10: 185 | W10: 4 | X10: 2 | Y10: 1 | Z10: 2 | AA10: 4 | AB10: 3 | AC10: =SUM(W10:AB10) -> 16 | AD10: 12 | AE10: 5.5 | AF10: 4.5 | AG10: 10.5 | AH10: 9.5 | AI10: 16.5 | AJ10: =SUM(AD10:AI10) -> 58.5
A11: TOTAL | C11: =SUM(C10:C10) -> 3 | D11: =SUM(D10:D10) -> 3 | E11: =SUM(E10:E10) -> 1 | F11: =SUM(F10:F10) -> 2 | G11: =SUM(G10:G10) -> 0 | H11: =SUM(H10:H10) -> 3 | I11: =SUM(I10:I10) -> 2 | J11: =SUM(J10:J10) -> 0 | ... AJ11: =SUM(AJ10:AJ10) -> 58.5
A12: WEEK 2 | B12: 46146 | C12: 3 | D12: 2 | E12: 0 | F12: 2 | G12: 0 | H12: 2 | I12: 2 | J12: 1 | K12: 1 | L12: 0 | M12: 1 | N12: 0 | O12: 1 | P12: 0 | Q12: 33.6 | R12: 6.6 | S12: 15 | T12: 347.95 | U12: 396 | V12: 37 | W12: 2 | X12: 0 | Y12: 0 | Z12: 0 | AA12: 5 | AB12: 2 | AC12: =SUM(W12:AB12) -> 9 | AD12: 6.5 | AE12: 0 | AF12: 0 | AG12: 0 | AH12: 18 | AI12: 6 | AJ12: =SUM(AD12:AI12) -> 30.5
B13: 46147 | C13: 3 | D13: 3 | E13: 1 | F13: 2 | G13: 0 | H13: 3 | I13: 3 | J13: 1 | K13: 2 | L13: 0 | M13: 1 | N13: 0 | O13: 0 | P13: 0 | Q13: 16.6 | R13: 0 | S13: 3 | T13: 87.74 | U13: 1415 | V13: 99 | W13: 1 | X13: 2 | Y13: 1 | Z13: 1 | AA13: 1 | AB13: 2 | AC13: =SUM(W13:AB13) -> 8 | AD13: 3.5 | AE13: 5 | AF13: 4 | AG13: 5.5 | AH13: 2.5 | AI13: 9 | AJ13: =SUM(AD13:AI13) -> 29.5
B14: 46148 | C14: 4 | D14: 4 | E14: 1 | F14: 3 | G14: 0 | H14: 3 | I14: 3 | J14: 1 | K14: 2 | L14: 0 | M14: 1 | N14: 0 | O14: 0 | P14: 0 | Q14: 0 | R14: 21.3 | S14: 16 | T14: 365.51 | U14: 581 | V14: 66 | W14: 1 | X14: 2 | Y14: 2 | Z14: 1 | AA14: 3 | AB14: 3 | AC14: =SUM(W14:AB14) -> 12 | AD14: 4.5 | AE14: 6.5 | AF14: 6.5 | AG14: 2 | AH14: 13.5 | AI14: 8.5 | AJ14: =SUM(AD14:AI14) -> 41.5
B15: 46149 | C15: 2 | D15: 2 | E15: 0 | F15: 2 | G15: 0 | H15: 3 | I15: 3 | J15: 0 | K15: 3 | L15: 0 | M15: 0 | N15: 1 | O15: 1 | P15: 0 | Q15: 54.7 | R15: 0 | S15: 12 | T15: 333.51 | U15: 609 | V15: 72 | W15: 1 | X15: 1 | Y15: 2 | Z15: 0 | AA15: 3 | AB15: 1 | AC15: =SUM(W15:AB15) -> 8 | AD15: 3 | AE15: 3.5 | AF15: 4 | AG15: 0 | AH15: 12.5 | AI15: 3 | AJ15: =SUM(AD15:AI15) -> 26
B16: 46150 | C16: 0 | D16: 0 | E16: 0 | F16: 0 | G16: 0 | H16: 0 | I16: 0 | J16: 0 | K16: 0 | L16: 0 | M16: 2 | N16: 0 | O16: 0 | P16: 0 | Q16: 29.1 | R16: 0 | S16: 7 | T16: 192.84 | U16: 695 | V16: 43 | W16: 1 | X16: 0 | Y16: 2 | Z16: 0 | AA16: 4 | AB16: 1 | AC16: =SUM(W16:AB16) -> 8 | AD16: 2 | AE16: 0 | AF16: 4.5 | AG16: 0 | AH16: 13.5 | AI16: 4.5 | AJ16: =SUM(AD16:AI16) -> 24.5
A17: TOTAL | C17: =SUM(C12:C16) -> 12 | D17: =SUM(D12:D16) -> 11 | E17: =SUM(E12:E16) -> 2 | F17: =SUM(F12:F16) -> 9 | G17: =SUM(G12:G16) -> 0 | H17: =SUM(H12:H16) -> 11 | I17: =SUM(I12:I16) -> 11 | J17: =SUM(J12:J16) -> 3 | ... AJ17: =SUM(AJ12:AJ16) -> 152
A18: WEEK 3 | B18: 46153 | C18: 1 | D18: 1 | E18: 1 | F18: 0 | G18: 0 | H18: 0 | I18: 0 | J18: 0 | K18: 0 | L18: 0 | M18: 1 | N18: 0 | O18: 0 | P18: 0 | Q18: 29.1 | R18: 0 | S18: 13 | T18: 284.08 | U18: 1218 | V18: 144 | W18: 2 | X18: 2 | Y18: 2 | Z18: 0 | AA18: 3 | AB18: 4 | AC18: =SUM(W18:AB18) -> 13 | AD18: 7 | AE18: 10.5 | AF18: 4.5 | AG18: 0 | AH18: 16.5 | AI18: 10 | AJ18: =SUM(AD18:AI18) -> 48.5
B19: 46154 | C19: 3 | D19: 3 | E19: 0 | F19: 3 | G19: 0 | H19: 2 | I19: 1 | J19: 0 | K19: 1 | L19: 0 | M19: 0 | N19: 0 | O19: 0 | P19: 0 | Q19: 13.9 | R19: 17.8 | S19: 12 | T19: 220.19 | U19: 807 | V19: 114 | W19: 4 | X19: 1 | Y19: 2 | Z19: 1 | AA19: 1 | AB19: 4 | AC19: =SUM(W19:AB19) -> 13 | AD19: 14.5 | AE19: 4 | AF19: 7 | AG19: 2.5 | AH19: 5 | AI19: 9.5 | AJ19: =SUM(AD19:AI19) -> 42.5
B20: 46155 | C20: 1 | D20: 0 | E20: 0 | F20: 0 | G20: 0 | H20: 2 | I20: 2 | J20: 0 | K20: 2 | L20: 0 | M20: 0 | N20: 0 | O20: 0 | P20: 0 | Q20: 38.5 | R20: 9.7 | S20: 20 | T20: 424.29 | U20: 1948 | V20: 95 | W20: 2 | X20: 1 | Y20: 1 | Z20: 0 | AA20: 3 | AB20: 2 | AC20: =SUM(W20:AB20) -> 9 | AD20: 9.5 | AE20: 2 | AF20: 3 | AG20: 0 | AH20: 14.5 | AI20: 5.5 | AJ20: =SUM(AD20:AI20) -> 34.5
B21: 46156 | C21: 2 | D21: 2 | E21: 1 | F21: 1 | G21: 0 | H21: 1 | I21: 1 | J21: 1 | K21: 0 | L21: 0 | M21: 0 | N21: 1 | O21: 0 | P21: 1 | Q21: 20 | R21: 0 | S21: 14 | T21: 203.17 | U21: 1445 | V21: 151 | W21: 3 | X21: 1 | Y21: 1 | Z21: 2 | AA21: 2 | AB21: 2 | AC21: =SUM(W21:AB21) -> 11 | AD21: 15 | AE21: 3 | AF21: 5 | AG21: 11 | AH21: 5 | AI21: 9 | AJ21: =SUM(AD21:AI21) -> 48
B22: 46157 | C22: 2 | D22: 1 | E22: 1 | F22: 0 | G22: 0 | H22: 0 | I22: 0 | J22: 0 | K22: 0 | L22: 0 | M22: 0 | N22: 0 | O22: 0 | P22: 0 | Q22: 35.7 | R22: 0 | S22: 13 | T22: 398.09 | U22: 782 | V22: 73 | W22: 2 | X22: 2 | Y22: 1 | Z22: 0 | AA22: 4 | AB22: 3 | AC22: =SUM(W22:AB22) -> 12 | AD22: 5.5 | AE22: 9.5 | AF22: 3 | AG22: 0 | AH22: 21.5 | AI22: 9 | AJ22: =SUM(AD22:AI22) -> 48.5
A23: TOTAL | C23: =SUM(C18:C22) -> 9 | D23: =SUM(D18:D22) -> 7 | E23: =SUM(E18:E22) -> 3 | F23: =SUM(F18:F22) -> 4 | G23: =SUM(G18:G22) -> 0 | H23: =SUM(H18:H22) -> 5 | I23: =SUM(I18:I22) -> 4 | J23: =SUM(J18:J22) -> 1 | ... AJ23: =SUM(AJ18:AJ22) -> 222
A24: WEEK 4 | B24: 46160 | C24: 0 | D24: 0 | E24: 0 | F24: 0 | G24: 0 | H24: 1 | I24: 1 | J24: 1 | K24: 0 | L24: 0 | M24: 1 | N24: 0 | O24: 1 | P24: 0 | Q24: 52.4 | R24: 0 | S24: 5 | T24: 178.61 | U24: 1935 | V24: 140 | W24: 1 | X24: 1 | Y24: 0 | Z24: 0 | AA24: 2 | AB24: 3 | AC24: =SUM(W24:AB24) -> 7 | AD24: 2 | AE24: 4 | AF24: 0 | AG24: 0 | AH24: 6 | AI24: 12 | AJ24: =SUM(AD24:AI24) -> 24
B25: 46161 | C25: 1 | D25: 1 | E25: 1 | F25: 0 | G25: 0 | H25: 2 | I25: 2 | J25: 0 | K25: 2 | L25: 0 | M25: 0 | N25: 0 | O25: 1 | P25: 0 | Q25: 51.5 | R25: 0 | S25: 14 | T25: 284.29 | U25: 1981 | V25: 265 | W25: 4 | X25: 1 | Y25: 0 | Z25: 1 | AA25: 3 | AB25: 2 | AC25: =SUM(W25:AB25) -> 11 | AD25: 16 | AE25: 5 | AF25: 0 | AG25: 5.5 | AH25: 10.5 | AI25: 10 | AJ25: =SUM(AD25:AI25) -> 47
B26: 46162 | C26: 1 | D26: 0 | E26: 0 | F26: 0 | G26: 0 | H26: 1 | I26: 1 | J26: 0 | K26: 1 | L26: 0 | M26: 2 | N26: 0 | O26: 0 | P26: 1 | Q26: 40.6 | R26: 0 | S26: 16 | T26: 214.1 | U26: 1766 | V26: 82 | W26: 4 | X26: 0 | Y26: 0 | Z26: 0 | AA26: 2 | AB26: 2 | AC26: =SUM(W26:AB26) -> 8 | AD26: 12 | AE26: 0 | AF26: 0 | AG26: 0 | AH26: 4.5 | AI26: 8.5 | AJ26: =SUM(AD26:AI26) -> 25
B27: 46163 | C27: 3 | D27: 2 | E27: 0 | F27: 2 | G27: 0 | H27: 3 | I27: 2 | J27: 0 | K27: 2 | L27: 0 | M27: 1 | N27: 0 | O27: 0 | P27: 1 | Q27: 16.5 | R27: 0 | S27: 21 | T27: 271.82 | U27: 825 | V27: 22 | W27: 4 | X27: 0 | Y27: 1 | Z27: 0 | AA27: 3 | AB27: 3 | AC27: =SUM(W27:AB27) -> 11 | AD27: 13.5 | AE27: 0 | AF27: 2 | AG27: 0 | AH27: 7.5 | AI27: 13.5 | AJ27: =SUM(AD27:AI27) -> 36.5
B28: 46164 | C28: 0 | D28: 0 | E28: 0 | F28: 0 | G28: 0 | H28: 3 | I28: 2 | J28: 1 | K28: 1 | L28: 0 | M28: 2 | N28: 0 | O28: 1 | P28: 0 | Q28: 60 | R28: 0 | S28: 15 | T28: 187.86 | U28: 767 | V28: 37 | W28: 4 | X28: 0 | Y28: 2 | Z28: 2 | AA28: 2 | AB28: 3 | AC28: =SUM(W28:AB28) -> 13 | AD28: 9 | AE28: 0 | AF28: 9.5 | AG28: 6 | AH28: 9.5 | AI28: 9 | AJ28: =SUM(AD28:AI28) -> 43
A29: TOTAL | C29: =SUM(C24:C28) -> 5 | D29: =SUM(D24:D28) -> 3 | E29: =SUM(E24:E28) -> 1 | F29: =SUM(F24:F28) -> 2 | G29: =SUM(G24:G28) -> 0 | H29: =SUM(H24:H28) -> 10 | I29: =SUM(I24:I28) -> 8 | J29: =SUM(J24:J28) -> 2 | ... AJ29: =SUM(AJ24:AJ28) -> 175.5
A30: WEEK 5 | B30: 46167 | C30: 0 | D30: 0 | E30: 0 | F30: 0 | G30: 0 | H30: 0 | I30: 0 | J30: 0 | K30: 0 | L30: 0 | M30: 1 | N30: 0 | O30: 0 | P30: 0 | Q30: 22.4 | R30: 0 | S30: 15 | T30: 377.56 | U30: 412 | V30: 19 | W30: 1 | X30: 0 | Y30: 1 | Z30: 0 | AA30: 4 | AB30: 1 | AC30: =SUM(W30:AB30) -> 7 | AD30: 2.5 | AE30: 0 | AF30: 4.5 | AG30: 0 | AH30: 18.5 | AI30: 5.5 | AJ30: =SUM(AD30:AI30) -> 31
B31: 46168 | C31: 2 | D31: 2 | E31: 0 | F31: 2 | G31: 0 | H31: 1 | I31: 1 | J31: 0 | K31: 1 | L31: 0 | M31: 0 | N31: 0 | O31: 0 | P31: 0 | Q31: 11.9 | R31: 20.8 | S31: 11 | T31: 188.54 | U31: 775 | V31: 110 | W31: 3 | X31: 0 | Y31: 0 | Z31: 1 | AA31: 4 | AB31: 3 | AC31: =SUM(W31:AB31) -> 11 | AD31: 14.5 | AE31: 0 | AF31: 0 | AG31: 5 | AH31: 18 | AI31: 12.5 | AJ31: =SUM(AD31:AI31) -> 50
B32: 46169 | C32: 0 | D32: 0 | E32: 0 | F32: 0 | G32: 0 | H32: 1 | I32: 0 | J32: 0 | K32: 0 | L32: 0 | M32: 0 | N32: 1 | O32: 0 | P32: 0 | Q32: 59.7 | R32: 13.8 | S32: 12 | T32: 198.27 | U32: 218 | V32: 25 | W32: 1 | X32: 2 | Y32: 0 | Z32: 0 | AA32: 5 | AB32: 4 | AC32: =SUM(W32:AB32) -> 12 | AD32: 2.5 | AE32: 10 | AF32: 0 | AG32: 0 | AH32: 19 | AI32: 12 | AJ32: =SUM(AD32:AI32) -> 43.5
B33: 46170 | C33: 2 | D33: 2 | E33: 1 | F33: 1 | G33: 0 | H33: 2 | I33: 2 | J33: 1 | K33: 1 | L33: 0 | M33: 0 | N33: 1 | O33: 0 | P33: 0 | Q33: 35.7 | R33: 0 | S33: 22 | T33: 325.5 | U33: 1283 | V33: 116 | W33: 3 | X33: 1 | Y33: 2 | Z33: 0 | AA33: 3 | AB33: 3 | AC33: =SUM(W33:AB33) -> 12 | AD33: 15.5 | AE33: 2 | AF33: 10.5 | AG33: 0 | AH33: 15 | AI33: 8.5 | AJ33: =SUM(AD33:AI33) -> 51.5
B34: 46171 | C34: 1 | D34: 1 | E34: 1 | F34: 0 | G34: 0 | H34: 2 | I34: 2 | J34: 1 | K34: 1 | L34: 0 | M34: 1 | N34: 0 | O34: 0 | P34: 0 | Q34: 12.1 | R34: 0 | S34: 4 | T34: 118.32 | U34: 736 | V34: 67 | W34: 1 | X34: 0 | Y34: 2 | Z34: 1 | AA34: 3 | AB34: 1 | AC34: =SUM(W34:AB34) -> 8 | AD34: 5 | AE34: 0 | AF34: 6 | AG34: 3 | AH34: 12.5 | AI34: 5.5 | AJ34: =SUM(AD34:AI34) -> 32
A35: TOTAL | C35: =SUM(C30:C34) -> 5 | D35: =SUM(D30:D34) -> 5 | E35: =SUM(E30:E34) -> 2 | F35: =SUM(F30:F34) -> 3 | G35: =SUM(G30:G34) -> 0 | H35: =SUM(H30:H34) -> 6 | I35: =SUM(I30:I34) -> 5 | J35: =SUM(J30:J34) -> 2 | ... AJ35: =SUM(AJ30:AJ34) -> 208
A36: MAY-GRAND TOTAL | C36: =C11+C17+C23+C29+C35 -> 34 | D36: =D11+D17+D23+D29+D35 -> 29 | E36: =E11+E17+E23+E29+E35 -> 9 | F36: =F11+F17+F23+F29+F35 -> 20 | G36: =G11+G17+G23+G29+G35 -> 0 | H36: =H11+H17+H23+H29+H35 -> 35 | I36: =I11+I17+I23+I29+I35 -> 30 | J36: =J11+J17+J23+J29+J35 -> 8 | ... AJ36: =AJ11+AJ17+AJ23+AJ29+AJ35 -> 816

Sheet June
E1: MONTHLY OPERATIONS REPORT - YFS - WELLINGTON HUB
C4: Interview Styling | H4: Confidence Styling | M4: WEV Program | Q4: Donations(kg) | S4: Terrace Income | U4: Marketing | W4: Volunteer Count by category | AD4: Volunteer Hours by category
A5: JUNE | B5: Date | C5: Registrations | D5: Completed | E5: Male | F5: Female | G5: Non-Binary | H5: Registrations | I5: Completed | J5: Male | K5: Female | L5: Non-Binary | M5: Registrations | N5: Onboarded | O5: Offboarded | P5: Employed | Q5: Donations Received | R5: Re-Donations | S5: Customers Purchased | T5: Total Income | U5: Social Media Outreach | V5: Social Media Engagement | W5: Retail | X5: HR | Y5: Business Supprt | Z5: Marketing | AA5: Stylist | AB5: Clothing Management | AC5: Total | AD5: Retail | AE5: HR | AF5: Business Support | AG5: Marketing | AH5: Stylist | AI5: Clothing Management | AJ5: Total
A6: WEEK 1 | B6: 46174 | C6: 0 | D6: 0 | E6: 0 | F6: 0 | G6: 0 | H6: 1 | I6: 1 | J6: 1 | K6: 0 | L6: 0 | M6: 0 | N6: 0 | O6: 0 | P6: 0 | Q6: 24.9 | R6: 0 | S6: 20 | T6: 453.04 | U6: 1737 | V6: 237 | W6: 2 | X6: 1 | Y6: 1 | Z6: 2 | AA6: 1 | AB6: 3 | AC6: =SUM(W6:AB6) -> 10 | AD6: 5.5 | AE6: 4 | AF6: 4 | AG6: 8 | AH6: 2.5 | AI6: 7.5 | AJ6: =SUM(AD6:AI6) -> 31.5
B7: 46175 | C7: 2 | D7: 2 | E7: 1 | F7: 1 | G7: 0 | H7: 1 | I7: 1 | J7: 0 | K7: 1 | L7: 0 | M7: 0 | N7: 0 | O7: 1 | P7: 0 | Q7: 15.3 | R7: 0 | S7: 19 | T7: 564.72 | U7: 560 | V7: 67 | W7: 2 | X7: 1 | Y7: 1 | Z7: 0 | AA7: 4 | AB7: 4 | AC7: =SUM(W7:AB7) -> 12 | AD7: 5.5 | AE7: 4 | AF7: 2.5 | AG7: 0 | AH7: 8.5 | AI7: 9.5 | AJ7: =SUM(AD7:AI7) -> 30
B8: 46176 | C8: 4 | D8: 4 | E8: 1 | F8: 2 | G8: 1 | H8: 3 | I8: 3 | J8: 1 | K8: 2 | L8: 0 | M8: 0 | N8: 1 | O8: 0 | P8: 0 | Q8: 34.8 | R8: 0 | S8: 16 | T8: 263.59 | U8: 1245 | V8: 54 | W8: 1 | X8: 0 | Y8: 2 | Z8: 1 | AA8: 5 | AB8: 3 | AC8: =SUM(W8:AB8) -> 12 | AD8: 5 | AE8: 0 | AF8: 10.5 | AG8: 5 | AH8: 16.5 | AI8: 14 | AJ8: =SUM(AD8:AI8) -> 51
B9: 46177 | C9: 1 | D9: 1 | E9: 1 | F9: 0 | G9: 0 | H9: 3 | I9: 2 | J9: 1 | K9: 1 | L9: 0 | M9: 1 | N9: 0 | O9: 0 | P9: 0 | Q9: 0 | R9: 0 | S9: 15 | T9: 288.98 | U9: 1591 | V9: 163 | W9: 2 | X9: 1 | Y9: 2 | Z9: 0 | AA9: 5 | AB9: 4 | AC9: =SUM(W9:AB9) -> 14 | AD9: 6 | AE9: 3.5 | AF9: 7.5 | AG9: 0 | AH9: 23 | AI9: 22 | AJ9: =SUM(AD9:AI9) -> 62
B10: 46178 | C10: 1 | D10: 0 | E10: 0 | F10: 0 | G10: 0 | H10: 1 | I10: 0 | J10: 0 | K10: 0 | L10: 0 | M10: 0 | N10: 0 | O10: 0 | P10: 0 | Q10: 32.5 | R10: 0 | S10: 8 | T10: 223.49 | U10: 191 | V10: 6 | W10: 3 | X10: 0 | Y10: 0 | Z10: 0 | AA10: 1 | AB10: 4 | AC10: =SUM(W10:AB10) -> 8 | AD10: 12 | AE10: 0 | AF10: 0 | AG10: 0 | AH10: 4 | AI10: 18.5 | AJ10: =SUM(AD10:AI10) -> 34.5
A11: TOTAL | C11: =SUM(C6:C10) -> 8 | D11: =SUM(D6:D10) -> 7 | E11: =SUM(E6:E10) -> 3 | F11: =SUM(F6:F10) -> 3 | G11: =SUM(G6:G10) -> 1 | H11: =SUM(H6:H10) -> 9 | I11: =SUM(I6:I10) -> 7 | J11: =SUM(J6:J10) -> 3 | ... AJ11: =SUM(AJ6:AJ10) -> 209
A12: WEEK 2 | B12: 46181 | C12: 2 | D12: 1 | E12: 1 | F12: 0 | G12: 0 | H12: 2 | I12: 2 | J12: 1 | K12: 1 | L12: 0 | M12: 0 | N12: 0 | O12: 0 | P12: 1 | Q12: 20 | R12: 8.7 | S12: 21 | T12: 462.4 | U12: 884 | V12: 97 | W12: 3 | X12: 0 | Y12: 1 | Z12: 0 | AA12: 4 | AB12: 1 | AC12: =SUM(W12:AB12) -> 9 | AD12: 16 | AE12: 0 | AF12: 4 | AG12: 0 | AH12: 14.5 | AI12: 5.5 | AJ12: =SUM(AD12:AI12) -> 40
B13: 46182 | C13: 0 | D13: 0 | E13: 0 | F13: 0 | G13: 0 | H13: 3 | I13: 3 | J13: 1 | K13: 2 | L13: 0 | M13: 1 | N13: 0 | O13: 1 | P13: 0 | Q13: 16.9 | R13: 0 | S13: 15 | T13: 306.75 | U13: 183 | V13: 19 | W13: 3 | X13: 2 | Y13: 2 | Z13: 1 | AA13: 3 | AB13: 3 | AC13: =SUM(W13:AB13) -> 14 | AD13: 14 | AE13: 10.5 | AF13: 6 | AG13: 2 | AH13: 7 | AI13: 9 | AJ13: =SUM(AD13:AI13) -> 48.5
B14: 46183 | C14: 2 | D14: 2 | E14: 1 | F14: 1 | G14: 0 | H14: 3 | I14: 3 | J14: 0 | K14: 2 | L14: 1 | M14: 0 | N14: 1 | O14: 0 | P14: 0 | Q14: 0 | R14: 0 | S14: 12 | T14: 298.5 | U14: 541 | V14: 46 | W14: 2 | X14: 1 | Y14: 0 | Z14: 0 | AA14: 2 | AB14: 4 | AC14: =SUM(W14:AB14) -> 9 | AD14: 6.5 | AE14: 3 | AF14: 0 | AG14: 0 | AH14: 7.5 | AI14: 14.5 | AJ14: =SUM(AD14:AI14) -> 31.5
B15: 46184 | C15: 2 | D15: 2 | E15: 0 | F15: 2 | G15: 0 | H15: 1 | I15: 0 | J15: 0 | K15: 0 | L15: 0 | M15: 1 | N15: 0 | O15: 1 | P15: 0 | Q15: 26.2 | R15: 8.9 | S15: 4 | T15: 126.93 | U15: 432 | V15: 16 | W15: 4 | X15: 0 | Y15: 2 | Z15: 0 | AA15: 1 | AB15: 3 | AC15: =SUM(W15:AB15) -> 10 | AD15: 14 | AE15: 0 | AF15: 10 | AG15: 0 | AH15: 4.5 | AI15: 8 | AJ15: =SUM(AD15:AI15) -> 36.5
B16: 46185 | C16: 2 | D16: 2 | E16: 1 | F16: 1 | G16: 0 | H16: 0 | I16: 0 | J16: 0 | K16: 0 | L16: 0 | M16: 1 | N16: 1 | O16: 0 | P16: 1 | Q16: 27.6 | R16: 2.2 | S16: 21 | T16: 595.16 | U16: 610 | V16: 20 | W16: 4 | X16: 2 | Y16: 2 | Z16: 0 | AA16: 2 | AB16: 1 | AC16: =SUM(W16:AB16) -> 11 | AD16: 8.5 | AE16: 10 | AF16: 7.5 | AG16: 0 | AH16: 5 | AI16: 3 | AJ16: =SUM(AD16:AI16) -> 34
A17: TOTAL | C17: =SUM(C12:C16) -> 8 | D17: =SUM(D12:D16) -> 7 | E17: =SUM(E12:E16) -> 3 | F17: =SUM(F12:F16) -> 4 | G17: =SUM(G12:G16) -> 0 | H17: =SUM(H12:H16) -> 9 | I17: =SUM(I12:I16) -> 8 | J17: =SUM(J12:J16) -> 2 | ... AJ17: =SUM(AJ12:AJ16) -> 190.5
A18: WEEK 3 | B18: 46188 | C18: 0 | D18: 0 | E18: 0 | F18: 0 | G18: 0 | H18: 1 | I18: 1 | J18: 0 | K18: 1 | L18: 0 | M18: 0 | N18: 0 | O18: 0 | P18: 0 | Q18: 0 | R18: 0 | S18: 15 | T18: 387.52 | U18: 1602 | V18: 187 | W18: 2 | X18: 1 | Y18: 2 | Z18: 1 | AA18: 1 | AB18: 3 | AC18: =SUM(W18:AB18) -> 10 | AD18: 6.5 | AE18: 2 | AF18: 4 | AG18: 4 | AH18: 2 | AI18: 14.5 | AJ18: =SUM(AD18:AI18) -> 33
B19: 46189 | C19: 3 | D19: 3 | E19: 0 | F19: 3 | G19: 0 | H19: 2 | I19: 2 | J19: 1 | K19: 1 | L19: 0 | M19: 2 | N19: 1 | O19: 1 | P19: 0 | Q19: 0 | R19: 22 | S19: 10 | T19: 195.34 | U19: 1850 | V19: 280 | W19: 1 | X19: 1 | Y19: 2 | Z19: 1 | AA19: 2 | AB19: 1 | AC19: =SUM(W19:AB19) -> 8 | AD19: 5 | AE19: 4 | AF19: 5.5 | AG19: 3 | AH19: 6 | AI19: 2 | AJ19: =SUM(AD19:AI19) -> 25.5
B20: 46190 | C20: 0 | D20: 0 | E20: 0 | F20: 0 | G20: 0 | H20: 0 | I20: 0 | J20: 0 | K20: 0 | L20: 0 | M20: 0 | N20: 0 | O20: 0 | P20: 0 | Q20: 0 | R20: 6.9 | S20: 10 | T20: 159.72 | U20: 1615 | V20: 124 | W20: 3 | X20: 0 | Y20: 2 | Z20: 1 | AA20: 3 | AB20: 3 | AC20: =SUM(W20:AB20) -> 12 | AD20: 6.5 | AE20: 0 | AF20: 7.5 | AG20: 4 | AH20: 15 | AI20: 6 | AJ20: =SUM(AD20:AI20) -> 39
B21: 46191 | C21: 3 | D21: 3 | E21: 0 | F21: 3 | G21: 0 | H21: 1 | I21: 0 | J21: 0 | K21: 0 | L21: 0 | M21: 0 | N21: 0 | O21: 1 | P21: 0 | Q21: 10 | R21: 0 | S21: 9 | T21: 148.87 | U21: 428 | V21: 56 | W21: 2 | X21: 2 | Y21: 1 | Z21: 0 | AA21: 2 | AB21: 3 | AC21: =SUM(W21:AB21) -> 10 | AD21: 11 | AE21: 9.5 | AF21: 4.5 | AG21: 0 | AH21: 9.5 | AI21: 13 | AJ21: =SUM(AD21:AI21) -> 47.5
B22: 46192 | C22: 3 | D22: 2 | E22: 1 | F22: 1 | G22: 0 | H22: 1 | I22: 1 | J22: 1 | K22: 0 | L22: 0 | M22: 1 | N22: 1 | O22: 1 | P22: 0 | Q22: 43.5 | R22: 13.8 | S22: 5 | T22: 131.5 | U22: 1960 | V22: 129 | W22: 2 | X22: 1 | Y22: 1 | Z22: 1 | AA22: 1 | AB22: 3 | AC22: =SUM(W22:AB22) -> 9 | AD22: 6.5 | AE22: 2.5 | AF22: 4 | AG22: 2.5 | AH22: 2.5 | AI22: 8.5 | AJ22: =SUM(AD22:AI22) -> 26.5
A23: TOTAL | C23: =SUM(C18:C22) -> 9 | D23: =SUM(D18:D22) -> 8 | E23: =SUM(E18:E22) -> 1 | F23: =SUM(F18:F22) -> 7 | G23: =SUM(G18:G22) -> 0 | H23: =SUM(H18:H22) -> 5 | I23: =SUM(I18:I22) -> 4 | J23: =SUM(J18:J22) -> 2 | ... AJ23: =SUM(AJ18:AJ22) -> 171.5
A24: WEEK 4 | B24: 46195 | C24: 1 | D24: 1 | E24: 1 | F24: 0 | G24: 0 | H24: 2 | I24: 2 | J24: 0 | K24: 2 | L24: 0 | M24: 0 | N24: 0 | O24: 0 | P24: 0 | Q24: 31.8 | R24: 0 | S24: 21 | T24: 487.61 | U24: 721 | V24: 70 | W24: 3 | X24: 1 | Y24: 1 | Z24: 1 | AA24: 5 | AB24: 3 | AC24: =SUM(W24:AB24) -> 14 | AD24: 11.5 | AE24: 2.5 | AF24: 5.5 | AG24: 2.5 | AH24: 19 | AI24: 13.5 | AJ24: =SUM(AD24:AI24) -> 54.5
B25: 46196 | C25: 1 | D25: 1 | E25: 0 | F25: 1 | G25: 0 | H25: 0 | I25: 0 | J25: 0 | K25: 0 | L25: 0 | M25: 0 | N25: 0 | O25: 1 | P25: 0 | Q25: 0 | R25: 15.3 | S25: 8 | T25: 127.46 | U25: 1476 | V25: 191 | W25: 2 | X25: 1 | Y25: 2 | Z25: 0 | AA25: 5 | AB25: 4 | AC25: =SUM(W25:AB25) -> 14 | AD25: 8 | AE25: 3 | AF25: 9.5 | AG25: 0 | AH25: 12 | AI25: 10.5 | AJ25: =SUM(AD25:AI25) -> 43
B26: 46197 | C26: 4 | D26: 4 | E26: 0 | F26: 4 | G26: 0 | H26: 3 | I26: 3 | J26: 1 | K26: 2 | L26: 0 | M26: 0 | N26: 0 | O26: 0 | P26: 0 | Q26: 17.5 | R26: 20.2 | S26: 15 | T26: 276.49 | U26: 2060 | V26: 317 | W26: 3 | X26: 2 | Y26: 1 | Z26: 2 | AA26: 4 | AB26: 4 | AC26: =SUM(W26:AB26) -> 16 | AD26: 6 | AE26: 7.5 | AF26: 4.5 | AG26: 6.5 | AH26: 18.5 | AI26: 20.5 | AJ26: =SUM(AD26:AI26) -> 63.5
B27: 46198 | C27: 2 | D27: 1 | E27: 0 | F27: 1 | G27: 0 | H27: 1 | I27: 1 | J27: 0 | K27: 1 | L27: 0 | M27: 1 | N27: 1 | O27: 0 | P27: 0 | Q27: 10.6 | R27: 0 | S27: 12 | T27: 192.64 | U27: 366 | V27: 33 | W27: 2 | X27: 1 | Y27: 0 | Z27: 1 | AA27: 3 | AB27: 3 | AC27: =SUM(W27:AB27) -> 10 | AD27: 5.5 | AE27: 2 | AF27: 0 | AG27: 3 | AH27: 12 | AI27: 12.5 | AJ27: =SUM(AD27:AI27) -> 35
B28: 46199 | C28: 3 | D28: 3 | E28: 1 | F28: 2 | G28: 0 | H28: 0 | I28: 0 | J28: 0 | K28: 0 | L28: 0 | M28: 0 | N28: 1 | O28: 1 | P28: 0 | Q28: 63.3 | R28: 0 | S28: 7 | T28: 227.14 | U28: 1555 | V28: 181 | W28: 4 | X28: 1 | Y28: 0 | Z28: 1 | AA28: 3 | AB28: 3 | AC28: =SUM(W28:AB28) -> 12 | AD28: 12 | AE28: 4.5 | AF28: 0 | AG28: 4 | AH28: 12.5 | AI28: 13 | AJ28: =SUM(AD28:AI28) -> 46
A29: TOTAL | C29: =SUM(C24:C28) -> 11 | D29: =SUM(D24:D28) -> 10 | E29: =SUM(E24:E28) -> 2 | F29: =SUM(F24:F28) -> 8 | G29: =SUM(G24:G28) -> 0 | H29: =SUM(H24:H28) -> 6 | I29: =SUM(I24:I28) -> 6 | J29: =SUM(J24:J28) -> 1 | ... AJ29: =SUM(AJ24:AJ28) -> 242
A30: WEEK 5 | B30: 46202 | C30: 0 | D30: 0 | E30: 0 | F30: 0 | G30: 0 | H30: 1 | I30: 1 | J30: 0 | K30: 1 | L30: 0 | M30: 2 | N30: 1 | O30: 0 | P30: 0 | Q30: 10.1 | R30: 0 | S30: 6 | T30: 97.34 | U30: 899 | V30: 127 | W30: 2 | X30: 1 | Y30: 2 | Z30: 0 | AA30: 3 | AB30: 1 | AC30: =SUM(W30:AB30) -> 9 | AD30: 6.5 | AE30: 3.5 | AF30: 6.5 | AG30: 0 | AH30: 11.5 | AI30: 2 | AJ30: =SUM(AD30:AI30) -> 30
B31: 46203 | C31: 3 | D31: 3 | E31: 1 | F31: 2 | G31: 0 | H31: 2 | I31: 1 | J31: 0 | K31: 1 | L31: 0 | M31: 1 | N31: 1 | O31: 0 | P31: 1 | Q31: 48 | R31: 0 | S31: 16 | T31: 483.81 | U31: 404 | V31: 9 | W31: 1 | X31: 1 | Y31: 2 | Z31: 1 | AA31: 2 | AB31: 4 | AC31: =SUM(W31:AB31) -> 11 | AD31: 2.5 | AE31: 3.5 | AF31: 7 | AG31: 3 | AH31: 10.5 | AI31: 9 | AJ31: =SUM(AD31:AI31) -> 35.5
AC32: =SUM(W32:AB32) -> 0 | AJ32: =SUM(AD32:AI32) -> 0
AC33: =SUM(W33:AB33) -> 0 | AJ33: =SUM(AD33:AI33) -> 0
AC34: =SUM(W34:AB34) -> 0 | AJ34: =SUM(AD34:AI34) -> 0
A35: TOTAL | C35: =SUM(C30:C31) -> 3 | D35: =SUM(D30:D31) -> 3 | E35: =SUM(E30:E31) -> 1 | F35: =SUM(F30:F31) -> 2 | G35: =SUM(G30:G31) -> 0 | H35: =SUM(H30:H31) -> 3 | I35: =SUM(I30:I31) -> 2 | J35: =SUM(J30:J31) -> 0 | ... AJ35: =SUM(AJ30:AJ31) -> 65.5
A36: JUNE-GRAND TOTAL | C36: =C11+C17+C23+C29+C35 -> 39 | D36: =D11+D17+D23+D29+D35 -> 35 | E36: =E11+E17+E23+E29+E35 -> 10 | F36: =F11+F17+F23+F29+F35 -> 24 | G36: =G11+G17+G23+G29+G35 -> 1 | H36: =H11+H17+H23+H29+H35 -> 32 | I36: =I11+I17+I23+I29+I35 -> 27 | J36: =J11+J17+J23+J29+J35 -> 8 | ... AJ36: =AJ11+AJ17+AJ23+AJ29+AJ35 -> 878.5

Sheet July
E1: MONTHLY OPERATIONS REPORT - YFS - WELLINGTON HUB
C4: Interview Styling | H4: Confidence Styling | M4: WEV Program | Q4: Donations(kg) | S4: Terrace Income | U4: Marketing | W4: Volunteer Count by category | AD4: Volunteer Hours by category
A5: JULY | B5: Date | C5: Registrations | D5: Completed | E5: Male | F5: Female | G5: Non-Binary | H5: Registrations | I5: Completed | J5: Male | K5: Female | L5: Non-Binary | M5: Registrations | N5: Onboarded | O5: Offboarded | P5: Employed | Q5: Donations Received | R5: Re-Donations | S5: Customers Purchased | T5: Total Income | U5: Social Media Outreach | V5: Social Media Engagement | W5: Retail | X5: HR | Y5: Business Supprt | Z5: Marketing | AA5: Stylist | AB5: Clothing Management | AC5: Total | AD5: Retail | AE5: HR | AF5: Business Support | AG5: Marketing | AH5: Stylist | AI5: Clothing Management | AJ5: Total
A6: WEEK 1 | AC6: =SUM(W6:AB6) -> 0 | AJ6: =SUM(AD6:AI6) -> 0
AC7: =SUM(W7:AB7) -> 0 | AJ7: =SUM(AD7:AI7) -> 0
B8: 46204 | C8: 4 | D8: 4 | E8: 0 | F8: 4 | G8: 0 | H8: 2 | I8: 2 | J8: 0 | K8: 2 | L8: 0 | M8: 1 | N8: 0 | O8: 0 | P8: 0 | Q8: 8.8 | R8: 14.1 | S8: 11 | T8: 144.87 | U8: 1075 | V8: 59 | W8: 3 | X8: 2 | Y8: 2 | Z8: 0 | AA8: 4 | AB8: 2 | AC8: =SUM(W8:AB8) -> 13 | AD8: 8.5 | AE8: 5.5 | AF8: 4.5 | AG8: 0 | AH8: 10 | AI8: 7 | AJ8: =SUM(AD8:AI8) -> 35.5
B9: 46205 | C9: 0 | D9: 0 | E9: 0 | F9: 0 | G9: 0 | H9: 2 | I9: 2 | J9: 1 | K9: 1 | L9: 0 | M9: 0 | N9: 1 | O9: 0 | P9: 0 | Q9: 50.7 | R9: 0 | S9: 7 | T9: 141.59 | U9: 917 | V9: 37 | W9: 1 | X9: 0 | Y9: 2 | Z9: 1 | AA9: 3 | AB9: 4 | AC9: =SUM(W9:AB9) -> 11 | AD9: 3.5 | AE9: 0 | AF9: 5 | AG9: 3 | AH9: 15.5 | AI9: 10.5 | AJ9: =SUM(AD9:AI9) -> 37.5
B10: 46206 | C10: 3 | D10: 3 | E10: 1 | F10: 1 | G10: 1 | H10: 1 | I10: 1 | J10: 0 | K10: 1 | L10: 0 | M10: 0 | N10: 1 | O10: 0 | P10: 0 | Q10: 45.8 | R10: 0 | S10: 5 | T10: 121.13 | U10: 1130 | V10: 137 | W10: 4 | X10: 1 | Y10: 0 | Z10: 0 | AA10: 4 | AB10: 4 | AC10: =SUM(W10:AB10) -> 13 | AD10: 15.5 | AE10: 4.5 | AF10: 0 | AG10: 0 | AH10: 11 | AI10: 15 | AJ10: =SUM(AD10:AI10) -> 46
A11: TOTAL | C11: =SUM(C8:C10) -> 7 | D11: =SUM(D8:D10) -> 7 | E11: =SUM(E8:E10) -> 1 | F11: =SUM(F8:F10) -> 5 | G11: =SUM(G8:G10) -> 1 | H11: =SUM(H8:H10) -> 5 | I11: =SUM(I8:I10) -> 5 | J11: =SUM(J8:J10) -> 1 | ... AJ11: =SUM(AJ8:AJ10) -> 119
A12: WEEK 2 | B12: 46209 | C12: 1 | D12: 1 | E12: 1 | F12: 0 | G12: 0 | H12: 0 | I12: 0 | J12: 0 | K12: 0 | L12: 0 | M12: 0 | N12: 0 | O12: 0 | P12: 0 | Q12: 0 | R12: 0 | S12: 13 | T12: 328.45 | U12: 817 | V12: 51 | W12: 3 | X12: 2 | Y12: 2 | Z12: 0 | AA12: 5 | AB12: 2 | AC12: =SUM(W12:AB12) -> 14 | AD12: 14.5 | AE12: 7.5 | AF12: 11 | AG12: 0 | AH12: 12 | AI12: 10.5 | AJ12: =SUM(AD12:AI12) -> 55.5
B13: 46210 | C13: 2 | D13: 2 | E13: 0 | F13: 2 | G13: 0 | H13: 1 | I13: 1 | J13: 1 | K13: 0 | L13: 0 | M13: 1 | N13: 0 | O13: 0 | P13: 0 | Q13: 53 | R13: 0 | S13: 22 | T13: 368.39 | U13: 1278 | V13: 79 | W13: 2 | X13: 1 | Y13: 1 | Z13: 0 | AA13: 2 | AB13: 3 | AC13: =SUM(W13:AB13) -> 9 | AD13: 5.5 | AE13: 5 | AF13: 2.5 | AG13: 0 | AH13: 9 | AI13: 11 | AJ13: =SUM(AD13:AI13) -> 33
B14: 46211 | C14: 0 | D14: 0 | E14: 0 | F14: 0 | G14: 0 | H14: 0 | I14: 0 | J14: 0 | K14: 0 | L14: 0 | M14: 1 | N14: 0 | O14: 0 | P14: 0 | Q14: 45.4 | R14: 0 | S14: 10 | T14: 222.34 | U14: 805 | V14: 113 | W14: 4 | X14: 1 | Y14: 1 | Z14: 0 | AA14: 4 | AB14: 3 | AC14: =SUM(W14:AB14) -> 13 | AD14: 10.5 | AE14: 5.5 | AF14: 3.5 | AG14: 0 | AH14: 9.5 | AI14: 13.5 | AJ14: =SUM(AD14:AI14) -> 42.5
B15: 46212 | C15: 2 | D15: 2 | E15: 1 | F15: 1 | G15: 0 | H15: 2 | I15: 2 | J15: 1 | K15: 1 | L15: 0 | M15: 2 | N15: 0 | O15: 1 | P15: 0 | Q15: 44.6 | R15: 0 | S15: 5 | T15: 101.79 | U15: 1169 | V15: 173 | W15: 4 | X15: 0 | Y15: 2 | Z15: 2 | AA15: 1 | AB15: 3 | AC15: =SUM(W15:AB15) -> 12 | AD15: 21 | AE15: 0 | AF15: 6.5 | AG15: 5 | AH15: 4 | AI15: 8 | AJ15: =SUM(AD15:AI15) -> 44.5
B16: 46213 | C16: 3 | D16: 3 | E16: 1 | F16: 2 | G16: 0 | H16: 1 | I16: 0 | J16: 0 | K16: 0 | L16: 0 | M16: 0 | N16: 1 | O16: 0 | P16: 0 | Q16: 8.7 | R16: 0 | S16: 18 | T16: 503.95 | U16: 1977 | V16: 129 | W16: 1 | X16: 1 | Y16: 1 | Z16: 0 | AA16: 2 | AB16: 2 | AC16: =SUM(W16:AB16) -> 7 | AD16: 3 | AE16: 3 | AF16: 5.5 | AG16: 0 | AH16: 7.5 | AI16: 6.5 | AJ16: =SUM(AD16:AI16) -> 25.5
A17: TOTAL | C17: =SUM(C12:C16) -> 8 | D17: =SUM(D12:D16) -> 8 | E17: =SUM(E12:E16) -> 3 | F17: =SUM(F12:F16) -> 5 | G17: =SUM(G12:G16) -> 0 | H17: =SUM(H12:H16) -> 4 | I17: =SUM(I12:I16) -> 3 | J17: =SUM(J12:J16) -> 2 | ... AJ17: =SUM(AJ12:AJ16) -> 201
A18: WEEK 3 | B18: 46216 | C18: 4 | D18: 3 | E18: 1 | F18: 2 | G18: 0 | H18: 1 | I18: 0 | J18: 0 | K18: 0 | L18: 0 | M18: 1 | N18: 0 | O18: 1 | P18: 0 | Q18: 51 | R18: 0 | S18: 16 | T18: 414.16 | U18: 639 | V18: 81 | W18: 4 | X18: 0 | Y18: 2 | Z18: 0 | AA18: 4 | AB18: 1 | AC18: =SUM(W18:AB18) -> 11 | AD18: 19.5 | AE18: 0 | AF18: 4.5 | AG18: 0 | AH18: 18 | AI18: 2.5 | AJ18: =SUM(AD18:AI18) -> 44.5
B19: 46217 | C19: 1 | D19: 1 | E19: 0 | F19: 1 | G19: 0 | H19: 1 | I19: 1 | J19: 1 | K19: 0 | L19: 0 | M19: 0 | N19: 0 | O19: 0 | P19: 0 | Q19: 56.3 | R19: 0 | S19: 7 | T19: 136.54 | U19: 418 | V19: 60 | W19: 1 | X19: 1 | Y19: 2 | Z19: 1 | AA19: 5 | AB19: 1 | AC19: =SUM(W19:AB19) -> 11 | AD19: 5 | AE19: 5 | AF19: 9 | AG19: 2 | AH19: 17.5 | AI19: 3 | AJ19: =SUM(AD19:AI19) -> 41.5
B20: 46218 | C20: 0 | D20: 0 | E20: 0 | F20: 0 | G20: 0 | H20: 2 | I20: 2 | J20: 0 | K20: 2 | L20: 0 | M20: 1 | N20: 0 | O20: 0 | P20: 0 | Q20: 56.4 | R20: 7.4 | S20: 8 | T20: 225.57 | U20: 626 | V20: 73 | W20: 4 | X20: 0 | Y20: 2 | Z20: 0 | AA20: 1 | AB20: 1 | AC20: =SUM(W20:AB20) -> 8 | AD20: 14 | AE20: 0 | AF20: 8 | AG20: 0 | AH20: 4.5 | AI20: 5.5 | AJ20: =SUM(AD20:AI20) -> 32
B21: 46219 | C21: 3 | D21: 3 | E21: 1 | F21: 2 | G21: 0 | H21: 1 | I21: 1 | J21: 1 | K21: 0 | L21: 0 | M21: 1 | N21: 1 | O21: 0 | P21: 0 | Q21: 56.7 | R21: 17.5 | S21: 4 | T21: 89.24 | U21: 923 | V21: 103 | W21: 1 | X21: 0 | Y21: 1 | Z21: 2 | AA21: 3 | AB21: 2 | AC21: =SUM(W21:AB21) -> 9 | AD21: 3 | AE21: 0 | AF21: 2.5 | AG21: 5.5 | AH21: 9 | AI21: 8 | AJ21: =SUM(AD21:AI21) -> 28
B22: 46220 | C22: 4 | D22: 4 | E22: 0 | F22: 3 | G22: 1 | H22: 0 | I22: 0 | J22: 0 | K22: 0 | L22: 0 | M22: 2 | N22: 0 | O22: 0 | P22: 0 | Q22: 64.8 | R22: 0 | S22: 14 | T22: 308.29 | U22: 295 | V22: 11 | W22: 1 | X22: 0 | Y22: 1 | Z22: 1 | AA22: 4 | AB22: 3 | AC22: =SUM(W22:AB22) -> 10 | AD22: 5.5 | AE22: 0 | AF22: 5.5 | AG22: 5.5 | AH22: 15.5 | AI22: 8 | AJ22: =SUM(AD22:AI22) -> 40
A23: TOTAL | C23: =SUM(C18:C22) -> 12 | D23: =SUM(D18:D22) -> 11 | E23: =SUM(E18:E22) -> 2 | F23: =SUM(F18:F22) -> 8 | G23: =SUM(G18:G22) -> 1 | H23: =SUM(H18:H22) -> 5 | I23: =SUM(I18:I22) -> 4 | J23: =SUM(J18:J22) -> 2 | ... AJ23: =SUM(AJ18:AJ22) -> 186
A24: WEEK 4 | B24: 46223 | C24: 4 | D24: 4 | E24: 0 | F24: 4 | G24: 0 | H24: 1 | I24: 0 | J24: 0 | K24: 0 | L24: 0 | M24: 0 | N24: 0 | O24: 0 | P24: 0 | Q24: 30.7 | R24: 19.9 | S24: 16 | T24: 286.25 | U24: 2014 | V24: 55 | W24: 4 | X24: 2 | Y24: 2 | Z24: 0 | AA24: 4 | AB24: 3 | AC24: =SUM(W24:AB24) -> 15 | AD24: 8.5 | AE24: 9.5 | AF24: 10 | AG24: 0 | AH24: 9 | AI24: 7 | AJ24: =SUM(AD24:AI24) -> 44
B25: 46224 | C25: 2 | D25: 2 | E25: 0 | F25: 2 | G25: 0 | H25: 3 | I25: 3 | J25: 1 | K25: 2 | L25: 0 | M25: 0 | N25: 1 | O25: 0 | P25: 1 | Q25: 23.5 | R25: 0 | S25: 4 | T25: 96.97 | U25: 1760 | V25: 232 | W25: 3 | X25: 0 | Y25: 2 | Z25: 0 | AA25: 2 | AB25: 1 | AC25: =SUM(W25:AB25) -> 8 | AD25: 12.5 | AE25: 0 | AF25: 10.5 | AG25: 0 | AH25: 8 | AI25: 3.5 | AJ25: =SUM(AD25:AI25) -> 34.5
B26: 46225 | C26: 1 | D26: 1 | E26: 0 | F26: 1 | G26: 0 | H26: 0 | I26: 0 | J26: 0 | K26: 0 | L26: 0 | M26: 0 | N26: 0 | O26: 0 | P26: 0 | Q26: 38.8 | R26: 0 | S26: 3 | T26: 95.26 | U26: 1734 | V26: 202 | W26: 3 | X26: 2 | Y26: 2 | Z26: 0 | AA26: 2 | AB26: 2 | AC26: =SUM(W26:AB26) -> 11 | AD26: 8 | AE26: 7 | AF26: 8 | AG26: 0 | AH26: 11 | AI26: 5.5 | AJ26: =SUM(AD26:AI26) -> 39.5
B27: 46226 | C27: 1 | D27: 1 | E27: 0 | F27: 1 | G27: 0 | H27: 0 | I27: 0 | J27: 0 | K27: 0 | L27: 0 | M27: 1 | N27: 0 | O27: 0 | P27: 0 | Q27: 31.5 | R27: 0 | S27: 13 | T27: 218.38 | U27: 1980 | V27: 87 | W27: 4 | X27: 0 | Y27: 2 | Z27: 0 | AA27: 5 | AB27: 2 | AC27: =SUM(W27:AB27) -> 13 | AD27: 17.5 | AE27: 0 | AF27: 10.5 | AG27: 0 | AH27: 11 | AI27: 10 | AJ27: =SUM(AD27:AI27) -> 49
B28: 46227 | C28: 3 | D28: 3 | E28: 1 | F28: 2 | G28: 0 | H28: 2 | I28: 2 | J28: 0 | K28: 2 | L28: 0 | M28: 0 | N28: 1 | O28: 1 | P28: 0 | Q28: 34.1 | R28: 0 | S28: 3 | T28: 35.16 | U28: 877 | V28: 82 | W28: 2 | X28: 2 | Y28: 0 | Z28: 0 | AA28: 2 | AB28: 3 | AC28: =SUM(W28:AB28) -> 9 | AD28: 9.5 | AE28: 8 | AF28: 0 | AG28: 0 | AH28: 4.5 | AI28: 15 | AJ28: =SUM(AD28:AI28) -> 37
A29: TOTAL | C29: =SUM(C24:C28) -> 11 | D29: =SUM(D24:D28) -> 11 | E29: =SUM(E24:E28) -> 1 | F29: =SUM(F24:F28) -> 10 | G29: =SUM(G24:G28) -> 0 | H29: =SUM(H24:H28) -> 6 | I29: =SUM(I24:I28) -> 5 | J29: =SUM(J24:J28) -> 1 | ... AJ29: =SUM(AJ24:AJ28) -> 204
A30: WEEK 5 | B30: 46230 | C30: 0 | D30: 0 | E30: 0 | F30: 0 | G30: 0 | H30: 3 | I30: 3 | J30: 1 | K30: 2 | L30: 0 | M30: 1 | N30: 0 | O30: 0 | P30: 0 | Q30: 0 | R30: 0 | S30: 13 | T30: 318.05 | U30: 1416 | V30: 194 | W30: 3 | X30: 1 | Y30: 1 | Z30: 0 | AA30: 3 | AB30: 3 | AC30: =SUM(W30:AB30) -> 11 | AD30: 15.5 | AE30: 4 | AF30: 3 | AG30: 0 | AH30: 15 | AI30: 12 | AJ30: =SUM(AD30:AI30) -> 49.5
B31: 46231 | C31: 0 | D31: 0 | E31: 0 | F31: 0 | G31: 0 | H31: 2 | I31: 2 | J31: 0 | K31: 2 | L31: 0 | M31: 0 | N31: 0 | O31: 1 | P31: 0 | Q31: 38.5 | R31: 15.6 | S31: 21 | T31: 563.51 | U31: 385 | V31: 10 | W31: 2 | X31: 0 | Y31: 0 | Z31: 1 | AA31: 4 | AB31: 4 | AC31: =SUM(W31:AB31) -> 11 | AD31: 6 | AE31: 0 | AF31: 0 | AG31: 4 | AH31: 14 | AI31: 17.5 | AJ31: =SUM(AD31:AI31) -> 41.5
B32: 46232 | C32: 3 | D32: 2 | E32: 1 | F32: 1 | G32: 0 | H32: 1 | I32: 1 | J32: 1 | K32: 0 | L32: 0 | M32: 1 | N32: 0 | O32: 1 | P32: 0 | Q32: 53.4 | R32: 0 | S32: 12 | T32: 362.6 | U32: 764 | V32: 122 | W32: 3 | X32: 2 | Y32: 0 | Z32: 1 | AA32: 2 | AB32: 4 | AC32: =SUM(W32:AB32) -> 12 | AD32: 7.5 | AE32: 11 | AF32: 0 | AG32: 4.5 | AH32: 6 | AI32: 8.5 | AJ32: =SUM(AD32:AI32) -> 37.5
B33: 46233 | C33: 0 | D33: 0 | E33: 0 | F33: 0 | G33: 0 | H33: 0 | I33: 0 | J33: 0 | K33: 0 | L33: 0 | M33: 0 | N33: 0 | O33: 1 | P33: 0 | Q33: 58.2 | R33: 5.3 | S33: 18 | T33: 286.85 | U33: 303 | V33: 37 | W33: 3 | X33: 0 | Y33: 2 | Z33: 2 | AA33: 4 | AB33: 3 | AC33: =SUM(W33:AB33) -> 14 | AD33: 12.5 | AE33: 0 | AF33: 4.5 | AG33: 9.5 | AH33: 22 | AI33: 13.5 | AJ33: =SUM(AD33:AI33) -> 62
B34: 46234 | C34: 0 | D34: 0 | E34: 0 | F34: 0 | G34: 0 | H34: 3 | I34: 3 | J34: 0 | K34: 3 | L34: 0 | M34: 0 | N34: 1 | O34: 0 | P34: 1 | Q34: 30 | R34: 0 | S34: 10 | T34: 278.09 | U34: 803 | V34: 121 | W34: 1 | X34: 1 | Y34: 1 | Z34: 2 | AA34: 2 | AB34: 3 | AC34: =SUM(W34:AB34) -> 10 | AD34: 5 | AE34: 5.5 | AF34: 3.5 | AG34: 10.5 | AH34: 6.5 | AI34: 14.5 | AJ34: =SUM(AD34:AI34) -> 45.5
A35: TOTAL | C35: =SUM(C30:C34) -> 3 | D35: =SUM(D30:D34) -> 2 | E35: =SUM(E30:E34) -> 1 | F35: =SUM(F30:F34) -> 1 | G35: =SUM(G30:G34) -> 0 | H35: =SUM(H30:H34) -> 9 | I35: =SUM(I30:I34) -> 9 | J35: =SUM(J30:J34) -> 2 | ... AJ35: =SUM(AJ30:AJ34) -> 236
A36: JULY-GRAND TOTAL | C36: =C11+C17+C23+C29+C35 -> 41 | D36: =D11+D17+D23+D29+D35 -> 39 | E36: =E11+E17+E23+E29+E35 -> 8 | F36: =F11+F17+F23+F29+F35 -> 29 | G36: =G11+G17+G23+G29+G35 -> 2 | H36: =H11+H17+H23+H29+H35 -> 29 | I36: =I11+I17+I23+I29+I35 -> 26 | J36: =J11+J17+J23+J29+J35 -> 8 | ... AJ36: =AJ11+AJ17+AJ23+AJ29+AJ35 -> 946

Sheet August
E1: MONTHLY OPERATIONS REPORT - YFS - WELLINGTON HUB
C4: Interview Styling | H4: Confidence Styling | M4: WEV Program | Q4: Donations(kg) | S4: Terrace Income | U4: Marketing | W4: Volunteer Count by category | AD4: Volunteer Hours by category
A5: AUGUST | B5: Date | C5: Registrations | D5: Completed | E5: Male | F5: Female | G5: Non-Binary | H5: Registrations | I5: Completed | J5: Male | K5: Female | L5: Non-Binary | M5: Registrations | N5: Onboarded | O5: Offboarded | P5: Employed | Q5: Donations Received | R5: Re-Donations | S5: Customers Purchased | T5: Total Income | U5: Social Media Outreach | V5: Social Media Engagement | W5: Retail | X5: HR | Y5: Business Supprt | Z5: Marketing | AA5: Stylist | AB5: Clothing Management | AC5: Total | AD5: Retail | AE5: HR | AF5: Business Support | AG5: Marketing | AH5: Stylist | AI5: Clothing Management | AJ5: Total
A6: WEEK 1 | B6: 46237 | C6: 3 | D6: 3 | E6: 0 | F6: 3 | G6: 0 | H6: 2 | I6: 2 | J6: 1 | K6: 1 | L6: 0 | M6: 2 | N6: 0 | O6: 0 | P6: 0 | Q6: 18.8 | R6: 0 | S6: 12 | T6: 209.11 | U6: 1037 | V6: 79 | W6: 1 | X6: 2 | Y6: 1 | Z6: 2 | AA6: 4 | AB6: 3 | AC6: =SUM(W6:AB6) -> 13 | AD6: 2 | AE6: 10.5 | AF6: 5 | AG6: 8 | AH6: 12 | AI6: 8.5 | AJ6: =SUM(AD6:AI6) -> 46
B7: 46238 | C7: 2 | D7: 2 | E7: 1 | F7: 1 | G7: 0 | H7: 0 | I7: 0 | J7: 0 | K7: 0 | L7: 0 | M7: 0 | N7: 0 | O7: 0 | P7: 0 | Q7: 61.5 | R7: 0 | S7: 15 | T7: 238.13 | U7: 434 | V7: 38 | W7: 2 | X7: 1 | Y7: 2 | Z7: 0 | AA7: 5 | AB7: 4 | AC7: =SUM(W7:AB7) -> 14 | AD7: 8 | AE7: 5.5 | AF7: 7.5 | AG7: 0 | AH7: 14.5 | AI7: 8 | AJ7: =SUM(AD7:AI7) -> 43.5
B8: 46239 | C8: 1 | D8: 0 | E8: 0 | F8: 0 | G8: 0 | H8: 2 | I8: 1 | J8: 1 | K8: 0 | L8: 0 | M8: 0 | N8: 0 | O8: 0 | P8: 1 | Q8: 0 | R8: 0 | S8: 12 | T8: 372.47 | U8: 856 | V8: 130 | W8: 3 | X8: 2 | Y8: 1 | Z8: 1 | AA8: 3 | AB8: 2 | AC8: =SUM(W8:AB8) -> 12 | AD8: 15 | AE8: 10.5 | AF8: 2.5 | AG8: 5.5 | AH8: 10.5 | AI8: 6 | AJ8: =SUM(AD8:AI8) -> 50
B9: 46240 | C9: 3 | D9: 3 | E9: 0 | F9: 3 | G9: 0 | H9: 2 | I9: 2 | J9: 1 | K9: 1 | L9: 0 | M9: 1 | N9: 0 | O9: 0 | P9: 0 | Q9: 30.8 | R9: 18.7 | S9: 22 | T9: 344.19 | U9: 1058 | V9: 76 | W9: 2 | X9: 0 | Y9: 2 | Z9: 1 | AA9: 2 | AB9: 3 | AC9: =SUM(W9:AB9) -> 10 | AD9: 10.5 | AE9: 0 | AF9: 4.5 | AG9: 3 | AH9: 6 | AI9: 6.5 | AJ9: =SUM(AD9:AI9) -> 30.5
B10: 46241 | C10: 0 | D10: 0 | E10: 0 | F10: 0 | G10: 0 | H10: 3 | I10: 2 | J10: 1 | K10: 1 | L10: 0 | M10: 0 | N10: 0 | O10: 0 | P10: 0 | Q10: 33.6 | R10: 19.4 | S10: 19 | T10: 351.66 | U10: 203 | V10: 23 | W10: 3 | X10: 0 | Y10: 0 | Z10: 0 | AA10: 2 | AB10: 1 | AC10: =SUM(W10:AB10) -> 6 | AD10: 11 | AE10: 0 | AF10: 0 | AG10: 0 | AH10: 6.5 | AI10: 2.5 | AJ10: =SUM(AD10:AI10) -> 20
A11: TOTAL | C11: =SUM(C6:C10) -> 9 | D11: =SUM(D6:D10) -> 8 | E11: =SUM(E6:E10) -> 1 | F11: =SUM(F6:F10) -> 7 | G11: =SUM(G6:G10) -> 0 | H11: =SUM(H6:H10) -> 9 | I11: =SUM(I6:I10) -> 7 | J11: =SUM(J6:J10) -> 4 | ... AJ11: =SUM(AJ6:AJ10) -> 190
A12: WEEK 2 | B12: 46244 | C12: 4 | D12: 4 | E12: 1 | F12: 3 | G12: 0 | H12: 2 | I12: 2 | J12: 1 | K12: 1 | L12: 0 | M12: 1 | N12: 0 | O12: 1 | P12: 0 | Q12: 27.7 | R12: 9.6 | S12: 11 | T12: 199.54 | U12: 1671 | V12: 226 | W12: 3 | X12: 0 | Y12: 1 | Z12: 2 | AA12: 2 | AB12: 2 | AC12: =SUM(W12:AB12) -> 10 | AD12: 14 | AE12: 0 | AF12: 5 | AG12: 6.5 | AH12: 4.5 | AI12: 10 | AJ12: =SUM(AD12:AI12) -> 40
B13: 46245 | C13: 4 | D13: 4 | E13: 1 | F13: 3 | G13: 0 | H13: 1 | I13: 1 | J13: 1 | K13: 0 | L13: 0 | M13: 1 | N13: 0 | O13: 0 | P13: 0 | Q13: 27.7 | R13: 0 | S13: 3 | T13: 93.08 | U13: 1485 | V13: 39 | W13: 4 | X13: 2 | Y13: 2 | Z13: 1 | AA13: 5 | AB13: 4 | AC13: =SUM(W13:AB13) -> 18 | AD13: 19.5 | AE13: 7 | AF13: 9.5 | AG13: 5 | AH13: 13 | AI13: 10 | AJ13: =SUM(AD13:AI13) -> 64
B14: 46246 | C14: 3 | D14: 3 | E14: 1 | F14: 2 | G14: 0 | H14: 3 | I14: 3 | J14: 0 | K14: 3 | L14: 0 | M14: 2 | N14: 0 | O14: 1 | P14: 0 | Q14: 19.6 | R14: 0 | S14: 16 | T14: 256.05 | U14: 698 | V14: 74 | W14: 4 | X14: 0 | Y14: 1 | Z14: 2 | AA14: 5 | AB14: 1 | AC14: =SUM(W14:AB14) -> 13 | AD14: 18.5 | AE14: 0 | AF14: 3 | AG14: 8 | AH14: 22 | AI14: 2.5 | AJ14: =SUM(AD14:AI14) -> 54
B15: 46247 | C15: 4 | D15: 4 | E15: 1 | F15: 3 | G15: 0 | H15: 3 | I15: 3 | J15: 0 | K15: 3 | L15: 0 | M15: 0 | N15: 0 | O15: 1 | P15: 0 | Q15: 0 | R15: 0 | S15: 9 | T15: 243.37 | U15: 387 | V15: 28 | W15: 3 | X15: 1 | Y15: 2 | Z15: 1 | AA15: 5 | AB15: 4 | AC15: =SUM(W15:AB15) -> 16 | AD15: 8 | AE15: 3 | AF15: 7 | AG15: 5 | AH15: 26 | AI15: 18.5 | AJ15: =SUM(AD15:AI15) -> 67.5
B16: 46248 | C16: 3 | D16: 3 | E16: 1 | F16: 2 | G16: 0 | H16: 3 | I16: 3 | J16: 0 | K16: 3 | L16: 0 | M16: 0 | N16: 0 | O16: 0 | P16: 1 | Q16: 0 | R16: 0 | S16: 20 | T16: 426.1 | U16: 1891 | V16: 99 | W16: 2 | X16: 0 | Y16: 1 | Z16: 2 | AA16: 2 | AB16: 4 | AC16: =SUM(W16:AB16) -> 11 | AD16: 9 | AE16: 0 | AF16: 5.5 | AG16: 7.5 | AH16: 10 | AI16: 20 | AJ16: =SUM(AD16:AI16) -> 52
A17: TOTAL | C17: =SUM(C12:C16) -> 18 | D17: =SUM(D12:D16) -> 18 | E17: =SUM(E12:E16) -> 5 | F17: =SUM(F12:F16) -> 13 | G17: =SUM(G12:G16) -> 0 | H17: =SUM(H12:H16) -> 12 | I17: =SUM(I12:I16) -> 12 | J17: =SUM(J12:J16) -> 2 | ... AJ17: =SUM(AJ12:AJ16) -> 277.5
A18: WEEK 3 | B18: 46251 | C18: 3 | D18: 3 | E18: 1 | F18: 2 | G18: 0 | H18: 1 | I18: 1 | J18: 1 | K18: 0 | L18: 0 | M18: 1 | N18: 0 | O18: 0 | P18: 1 | Q18: 61.6 | R18: 13.5 | S18: 17 | T18: 265.74 | U18: 422 | V18: 67 | W18: 1 | X18: 1 | Y18: 1 | Z18: 0 | AA18: 1 | AB18: 2 | AC18: =SUM(W18:AB18) -> 6 | AD18: 2.5 | AE18: 2 | AF18: 5 | AG18: 0 | AH18: 5 | AI18: 9.5 | AJ18: =SUM(AD18:AI18) -> 24
B19: 46252 | C19: 3 | D19: 3 | E19: 1 | F19: 2 | G19: 0 | H19: 0 | I19: 0 | J19: 0 | K19: 0 | L19: 0 | M19: 1 | N19: 0 | O19: 0 | P19: 0 | Q19: 0 | R19: 0 | S19: 12 | T19: 177.09 | U19: 1704 | V19: 154 | W19: 2 | X19: 0 | Y19: 1 | Z19: 1 | AA19: 1 | AB19: 2 | AC19: =SUM(W19:AB19) -> 7 | AD19: 7 | AE19: 0 | AF19: 5.5 | AG19: 4 | AH19: 5.5 | AI19: 9.5 | AJ19: =SUM(AD19:AI19) -> 31.5
B20: 46253 | C20: 2 | D20: 2 | E20: 0 | F20: 2 | G20: 0 | H20: 3 | I20: 2 | J20: 0 | K20: 2 | L20: 0 | M20: 2 | N20: 0 | O20: 0 | P20: 0 | Q20: 0 | R20: 0 | S20: 14 | T20: 352.35 | U20: 1876 | V20: 41 | W20: 4 | X20: 1 | Y20: 2 | Z20: 2 | AA20: 1 | AB20: 4 | AC20: =SUM(W20:AB20) -> 14 | AD20: 18 | AE20: 4 | AF20: 5 | AG20: 5 | AH20: 4.5 | AI20: 17.5 | AJ20: =SUM(AD20:AI20) -> 54
B21: 46254 | C21: 0 | D21: 0 | E21: 0 | F21: 0 | G21: 0 | H21: 2 | I21: 1 | J21: 0 | K21: 1 | L21: 0 | M21: 1 | N21: 0 | O21: 0 | P21: 0 | Q21: 40.1 | R21: 15.7 | S21: 15 | T21: 194.08 | U21: 698 | V21: 47 | W21: 4 | X21: 1 | Y21: 0 | Z21: 0 | AA21: 5 | AB21: 2 | AC21: =SUM(W21:AB21) -> 12 | AD21: 15.5 | AE21: 2.5 | AF21: 0 | AG21: 0 | AH21: 17 | AI21: 6 | AJ21: =SUM(AD21:AI21) -> 41
B22: 46255 | C22: 0 | D22: 0 | E22: 0 | F22: 0 | G22: 0 | H22: 0 | I22: 0 | J22: 0 | K22: 0 | L22: 0 | M22: 0 | N22: 1 | O22: 0 | P22: 0 | Q22: 26.3 | R22: 11.6 | S22: 5 | T22: 121.78 | U22: 542 | V22: 61 | W22: 1 | X22: 0 | Y22: 0 | Z22: 1 | AA22: 2 | AB22: 2 | AC22: =SUM(W22:AB22) -> 6 | AD22: 2.5 | AE22: 0 | AF22: 0 | AG22: 3.5 | AH22: 7.5 | AI22: 6 | AJ22: =SUM(AD22:AI22) -> 19.5
A23: TOTAL | C23: =SUM(C18:C22) -> 8 | D23: =SUM(D18:D22) -> 8 | E23: =SUM(E18:E22) -> 2 | F23: =SUM(F18:F22) -> 6 | G23: =SUM(G18:G22) -> 0 | H23: =SUM(H18:H22) -> 6 | I23: =SUM(I18:I22) -> 4 | J23: =SUM(J18:J22) -> 1 | ... AJ23: =SUM(AJ18:AJ22) -> 170
A24: WEEK 4 | B24: 46258 | C24: 2 | D24: 2 | E24: 0 | F24: 2 | G24: 0 | H24: 2 | I24: 1 | J24: 1 | K24: 0 | L24: 0 | M24: 2 | N24: 0 | O24: 0 | P24: 0 | Q24: 50 | R24: 0 | S24: 12 | T24: 239.35 | U24: 845 | V24: 76 | W24: 2 | X24: 0 | Y24: 2 | Z24: 1 | AA24: 2 | AB24: 2 | AC24: =SUM(W24:AB24) -> 9 | AD24: 7 | AE24: 0 | AF24: 10.5 | AG24: 3 | AH24: 7 | AI24: 10 | AJ24: =SUM(AD24:AI24) -> 37.5
B25: 46259 | C25: 0 | D25: 0 | E25: 0 | F25: 0 | G25: 0 | H25: 3 | I25: 3 | J25: 1 | K25: 2 | L25: 0 | M25: 1 | N25: 0 | O25: 1 | P25: 0 | Q25: 64 | R25: 11.2 | S25: 22 | T25: 276.37 | U25: 300 | V25: 30 | W25: 4 | X25: 1 | Y25: 0 | Z25: 1 | AA25: 2 | AB25: 3 | AC25: =SUM(W25:AB25) -> 11 | AD25: 13.5 | AE25: 3.5 | AF25: 0 | AG25: 3 | AH25: 8.5 | AI25: 6.5 | AJ25: =SUM(AD25:AI25) -> 35
B26: 46260 | C26: 3 | D26: 3 | E26: 0 | F26: 3 | G26: 0 | H26: 3 | I26: 3 | J26: 0 | K26: 3 | L26: 0 | M26: 0 | N26: 0 | O26: 0 | P26: 0 | Q26: 56.5 | R26: 0 | S26: 17 | T26: 283.27 | U26: 248 | V26: 24 | W26: 1 | X26: 1 | Y26: 2 | Z26: 2 | AA26: 1 | AB26: 4 | AC26: =SUM(W26:AB26) -> 11 | AD26: 3.5 | AE26: 2.5 | AF26: 7 | AG26: 10.5 | AH26: 4 | AI26: 10.5 | AJ26: =SUM(AD26:AI26) -> 38
B27: 46261 | C27: 4 | D27: 3 | E27: 0 | F27: 3 | G27: 0 | H27: 2 | I27: 1 | J27: 0 | K27: 1 | L27: 0 | M27: 0 | N27: 0 | O27: 1 | P27: 0 | Q27: 32.8 | R27: 0 | S27: 4 | T27: 94.61 | U27: 2078 | V27: 295 | W27: 1 | X27: 0 | Y27: 2 | Z27: 2 | AA27: 5 | AB27: 4 | AC27: =SUM(W27:AB27) -> 14 | AD27: 5 | AE27: 0 | AF27: 7.5 | AG27: 10.5 | AH27: 25.5 | AI27: 17.5 | AJ27: =SUM(AD27:AI27) -> 66
B28: 46262 | C28: 0 | D28: 0 | E28: 0 | F28: 0 | G28: 0 | H28: 1 | I28: 1 | J28: 0 | K28: 1 | L28: 0 | M28: 0 | N28: 0 | O28: 1 | P28: 1 | Q28: 9.9 | R28: 0 | S28: 18 | T28: 226.35 | U28: 417 | V28: 25 | W28: 4 | X28: 2 | Y28: 2 | Z28: 0 | AA28: 5 | AB28: 4 | AC28: =SUM(W28:AB28) -> 17 | AD28: 13.5 | AE28: 4 | AF28: 10 | AG28: 0 | AH28: 24.5 | AI28: 20 | AJ28: =SUM(AD28:AI28) -> 72
A29: TOTAL | C29: =SUM(C24:C28) -> 9 | D29: =SUM(D24:D28) -> 8 | E29: =SUM(E24:E28) -> 0 | F29: =SUM(F24:F28) -> 8 | G29: =SUM(G24:G28) -> 0 | H29: =SUM(H24:H28) -> 11 | I29: =SUM(I24:I28) -> 9 | J29: =SUM(J24:J28) -> 2 | ... AJ29: =SUM(AJ24:AJ28) -> 248.5
A30: WEEK 5 | B30: 46265 | C30: 2 | D30: 2 | E30: 1 | F30: 1 | G30: 0 | H30: 2 | I30: 1 | J30: 0 | K30: 1 | L30: 0 | M30: 1 | N30: 1 | O30: 0 | P30: 0 | Q30: 18.2 | R30: 0 | S30: 11 | T30: 208.35 | U30: 1509 | V30: 39 | W30: 3 | X30: 2 | Y30: 1 | Z30: 1 | AA30: 4 | AB30: 4 | AC30: =SUM(W30:AB30) -> 15 | AD30: 10 | AE30: 6.5 | AF30: 4 | AG30: 5.5 | AH30: 11.5 | AI30: 18 | AJ30: =SUM(AD30:AI30) -> 55.5
AC31: =SUM(W31:AB31) -> 0 | AJ31: =SUM(AD31:AI31) -> 0
AC32: =SUM(W32:AB32) -> 0 | AJ32: =SUM(AD32:AI32) -> 0
AC33: =SUM(W33:AB33) -> 0 | AJ33: =SUM(AD33:AI33) -> 0
AC34: =SUM(W34:AB34) -> 0 | AJ34: =SUM(AD34:AI34) -> 0
A35: TOTAL | C35: =SUM(C30:C30) -> 2 | D35: =SUM(D30:D30) -> 2 | E35: =SUM(E30:E30) -> 1 | F35: =SUM(F30:F30) -> 1 | G35: =SUM(G30:G30) -> 0 | H35: =SUM(H30:H30) -> 2 | I35: =SUM(I30:I30) -> 1 | J35: =SUM(J30:J30) -> 0 | ... AJ35: =SUM(AJ30:AJ30) -> 55.5
A36: AUGUST-GRAND TOTAL | C36: =C11+C17+C23+C29+C35 -> 46 | D36: =D11+D17+D23+D29+D35 -> 44 | E36: =E11+E17+E23+E29+E35 -> 9 | F36: =F11+F17+F23+F29+F35 -> 35 | G36: =G11+G17+G23+G29+G35 -> 0 | H36: =H11+H17+H23+H29+H35 -> 40 | I36: =I11+I17+I23+I29+I35 -> 33 | J36: =J11+J17+J23+J29+J35 -> 9 | ... AJ36: =AJ11+AJ17+AJ23+AJ29+AJ35 -> 941.5

Sheet September
E1: MONTHLY OPERATIONS REPORT - YFS - WELLINGTON HUB
C4: Interview Styling | H4: Confidence Styling | M4: WEV Program | Q4: Donations(kg) | S4: Terrace Income | U4: Marketing | W4: Volunteer Count by category | AD4: Volunteer Hours by category
A5: SEPTEMBER | B5: Date | C5: Registrations | D5: Completed | E5: Male | F5: Female | G5: Non-Binary | H5: Registrations | I5: Completed | J5: Male | K5: Female | L5: Non-Binary | M5: Registrations | N5: Onboarded | O5: Offboarded | P5: Employed | Q5: Donations Received | R5: Re-Donations | S5: Customers Purchased | T5: Total Income | U5: Social Media Outreach | V5: Social Media Engagement | W5: Retail | X5: HR | Y5: Business Supprt | Z5: Marketing | AA5: Stylist | AB5: Clothing Management | AC5: Total | AD5: Retail | AE5: HR | AF5: Business Support | AG5: Marketing | AH5: Stylist | AI5: Clothing Management | AJ5: Total
A6: WEEK 1 | AC6: =SUM(W6:AB6) -> 0 | AJ6: =SUM(AD6:AI6) -> 0
B7: 46266 | C7: 4 | D7: 4 | E7: 0 | F7: 4 | G7: 0 | H7: 1 | I7: 1 | J7: 1 | K7: 0 | L7: 0 | M7: 0 | N7: 1 | O7: 1 | P7: 0 | Q7: 23.6 | R7: 12.7 | S7: 5 | T7: 96.19 | U7: 1109 | V7: 137 | W7: 4 | X7: 0 | Y7: 0 | Z7: 0 | AA7: 2 | AB7: 3 | AC7: =SUM(W7:AB7) -> 9 | AD7: 11 | AE7: 0 | AF7: 0 | AG7: 0 | AH7: 4.5 | AI7: 12.5 | AJ7: =SUM(AD7:AI7) -> 28
B8: 46267 | C8: 0 | D8: 0 | E8: 0 | F8: 0 | G8: 0 | H8: 1 | I8: 0 | J8: 0 | K8: 0 | L8: 0 | M8: 0 | N8: 0 | O8: 0 | P8: 0 | Q8: 34.8 | R8: 0 | S8: 16 | T8: 460.92 | U8: 836 | V8: 70 | W8: 3 | X8: 1 | Y8: 2 | Z8: 1 | AA8: 1 | AB8: 2 | AC8: =SUM(W8:AB8) -> 10 | AD8: 16 | AE8: 3.5 | AF8: 7 | AG8: 2.5 | AH8: 3 | AI8: 10 | AJ8: =SUM(AD8:AI8) -> 42
B9: 46268 | C9: 3 | D9: 3 | E9: 1 | F9: 2 | G9: 0 | H9: 1 | I9: 1 | J9: 1 | K9: 0 | L9: 0 | M9: 0 | N9: 0 | O9: 1 | P9: 0 | Q9: 0 | R9: 14 | S9: 21 | T9: 585.06 | U9: 657 | V9: 19 | W9: 4 | X9: 0 | Y9: 2 | Z9: 1 | AA9: 5 | AB9: 2 | AC9: =SUM(W9:AB9) -> 14 | AD9: 13 | AE9: 0 | AF9: 6 | AG9: 4 | AH9: 23 | AI9: 7 | AJ9: =SUM(AD9:AI9) -> 53
B10: 46269 | C10: 2 | D10: 2 | E10: 0 | F10: 2 | G10: 0 | H10: 2 | I10: 2 | J10: 0 | K10: 2 | L10: 0 | M10: 2 | N10: 0 | O10: 1 | P10: 0 | Q10: 48.9 | R10: 0 | S10: 20 | T10: 423.3 | U10: 676 | V10: 101 | W10: 2 | X10: 1 | Y10: 2 | Z10: 0 | AA10: 1 | AB10: 1 | AC10: =SUM(W10:AB10) -> 7 | AD10: 7 | AE10: 3 | AF10: 4 | AG10: 0 | AH10: 3.5 | AI10: 3 | AJ10: =SUM(AD10:AI10) -> 20.5
A11: TOTAL | C11: =SUM(C7:C10) -> 9 | D11: =SUM(D7:D10) -> 9 | E11: =SUM(E7:E10) -> 1 | F11: =SUM(F7:F10) -> 8 | G11: =SUM(G7:G10) -> 0 | H11: =SUM(H7:H10) -> 5 | I11: =SUM(I7:I10) -> 4 | J11: =SUM(J7:J10) -> 2 | ... AJ11: =SUM(AJ7:AJ10) -> 143.5
A12: WEEK 2 | B12: 46272 | C12: 4 | D12: 4 | E12: 0 | F12: 4 | G12: 0 | H12: 2 | I12: 1 | J12: 1 | K12: 0 | L12: 0 | M12: 0 | N12: 1 | O12: 1 | P12: 0 | Q12: 29.3 | R12: 16.6 | S12: 15 | T12: 299.93 | U12: 1819 | V12: 161 | W12: 2 | X12: 2 | Y12: 1 | Z12: 0 | AA12: 5 | AB12: 2 | AC12: =SUM(W12:AB12) -> 12 | AD12: 10.5 | AE12: 10.5 | AF12: 5 | AG12: 0 | AH12: 18.5 | AI12: 5.5 | AJ12: =SUM(AD12:AI12) -> 50
B13: 46273 | C13: 3 | D13: 2 | E13: 0 | F13: 2 | G13: 0 | H13: 0 | I13: 0 | J13: 0 | K13: 0 | L13: 0 | M13: 0 | N13: 0 | O13: 0 | P13: 0 | Q13: 32.8 | R13: 0 | S13: 13 | T13: 359.41 | U13: 2071 | V13: 268 | W13: 4 | X13: 1 | Y13: 2 | Z13: 2 | AA13: 2 | AB13: 4 | AC13: =SUM(W13:AB13) -> 15 | AD13: 14.5 | AE13: 3 | AF13: 8.5 | AG13: 9 | AH13: 8.5 | AI13: 18.5 | AJ13: =SUM(AD13:AI13) -> 62
B14: 46274 | C14: 3 | D14: 3 | E14: 1 | F14: 2 | G14: 0 | H14: 0 | I14: 0 | J14: 0 | K14: 0 | L14: 0 | M14: 0 | N14: 1 | O14: 1 | P14: 0 | Q14: 32.9 | R14: 0 | S14: 7 | T14: 163.13 | U14: 1195 | V14: 52 | W14: 2 | X14: 2 | Y14: 1 | Z14: 1 | AA14: 1 | AB14: 4 | AC14: =SUM(W14:AB14) -> 11 | AD14: 11 | AE14: 7.5 | AF14: 2.5 | AG14: 5 | AH14: 3.5 | AI14: 9.5 | AJ14: =SUM(AD14:AI14) -> 39
B15: 46275 | C15: 1 | D15: 1 | E15: 1 | F15: 0 | G15: 0 | H15: 2 | I15: 1 | J15: 0 | K15: 1 | L15: 0 | M15: 0 | N15: 0 | O15: 0 | P15: 0 | Q15: 41 | R15: 20 | S15: 13 | T15: 287.59 | U15: 878 | V15: 73 | W15: 4 | X15: 1 | Y15: 2 | Z15: 1 | AA15: 2 | AB15: 4 | AC15: =SUM(W15:AB15) -> 14 | AD15: 12 | AE15: 5.5 | AF15: 6.5 | AG15: 4 | AH15: 9.5 | AI15: 12.5 | AJ15: =SUM(AD15:AI15) -> 50
B16: 46276 | C16: 1 | D16: 1 | E16: 0 | F16: 1 | G16: 0 | H16: 0 | I16: 0 | J16: 0 | K16: 0 | L16: 0 | M16: 1 | N16: 1 | O16: 0 | P16: 1 | Q16: 0 | R16: 0 | S16: 4 | T16: 122.38 | U16: 1258 | V16: 68 | W16: 3 | X16: 1 | Y16: 2 | Z16: 2 | AA16: 2 | AB16: 4 | AC16: =SUM(W16:AB16) -> 14 | AD16: 14 | AE16: 4.5 | AF16: 6.5 | AG16: 10.5 | AH16: 10.5 | AI16: 17 | AJ16: =SUM(AD16:AI16) -> 63
A17: TOTAL | C17: =SUM(C12:C16) -> 12 | D17: =SUM(D12:D16) -> 11 | E17: =SUM(E12:E16) -> 2 | F17: =SUM(F12:F16) -> 9 | G17: =SUM(G12:G16) -> 0 | H17: =SUM(H12:H16) -> 4 | I17: =SUM(I12:I16) -> 2 | J17: =SUM(J12:J16) -> 1 | ... AJ17: =SUM(AJ12:AJ16) -> 264
A18: WEEK 3 | B18: 46279 | C18: 2 | D18: 1 | E18: 0 | F18: 1 | G18: 0 | H18: 0 | I18: 0 | J18: 0 | K18: 0 | L18: 0 | M18: 1 | N18: 1 | O18: 1 | P18: 0 | Q18: 40.5 | R18: 0 | S18: 14 | T18: 294.83 | U18: 1165 | V18: 87 | W18: 2 | X18: 1 | Y18: 1 | Z18: 1 | AA18: 4 | AB18: 2 | AC18: =SUM(W18:AB18) -> 11 | AD18: 9 | AE18: 2 | AF18: 2 | AG18: 2.5 | AH18: 9 | AI18: 4.5 | AJ18: =SUM(AD18:AI18) -> 29
B19: 46280 | C19: 2 | D19: 1 | E19: 0 | F19: 1 | G19: 0 | H19: 1 | I19: 1 | J19: 1 | K19: 0 | L19: 0 | M19: 1 | N19: 0 | O19: 0 | P19: 0 | Q19: 23.6 | R19: 0 | S19: 9 | T19: 199.8 | U19: 1920 | V19: 212 | W19: 4 | X19: 0 | Y19: 0 | Z19: 2 | AA19: 1 | AB19: 2 | AC19: =SUM(W19:AB19) -> 9 | AD19: 21.5 | AE19: 0 | AF19: 0 | AG19: 8 | AH19: 5.5 | AI19: 11 | AJ19: =SUM(AD19:AI19) -> 46
B20: 46281 | C20: 0 | D20: 0 | E20: 0 | F20: 0 | G20: 0 | H20: 3 | I20: 3 | J20: 1 | K20: 2 | L20: 0 | M20: 0 | N20: 0 | O20: 0 | P20: 0 | Q20: 41.1 | R20: 0 | S20: 17 | T20: 267.21 | U20: 2045 | V20: 244 | W20: 1 | X20: 2 | Y20: 0 | Z20: 1 | AA20: 2 | AB20: 4 | AC20: =SUM(W20:AB20) -> 10 | AD20: 5 | AE20: 9 | AF20: 0 | AG20: 3 | AH20: 7.5 | AI20: 19.5 | AJ20: =SUM(AD20:AI20) -> 44
B21: 46282 | C21: 2 | D21: 2 | E21: 0 | F21: 2 | G21: 0 | H21: 0 | I21: 0 | J21: 0 | K21: 0 | L21: 0 | M21: 0 | N21: 0 | O21: 1 | P21: 0 | Q21: 31.5 | R21: 0 | S21: 15 | T21: 374.56 | U21: 987 | V21: 123 | W21: 1 | X21: 0 | Y21: 2 | Z21: 1 | AA21: 5 | AB21: 4 | AC21: =SUM(W21:AB21) -> 13 | AD21: 3 | AE21: 0 | AF21: 10.5 | AG21: 3.5 | AH21: 20.5 | AI21: 13 | AJ21: =SUM(AD21:AI21) -> 50.5
B22: 46283 | C22: 2 | D22: 2 | E22: 1 | F22: 1 | G22: 0 | H22: 3 | I22: 3 | J22: 0 | K22: 3 | L22: 0 | M22: 0 | N22: 1 | O22: 0 | P22: 0 | Q22: 20.8 | R22: 0 | S22: 18 | T22: 525.02 | U22: 244 | V22: 38 | W22: 1 | X22: 0 | Y22: 0 | Z22: 0 | AA22: 1 | AB22: 4 | AC22: =SUM(W22:AB22) -> 6 | AD22: 3 | AE22: 0 | AF22: 0 | AG22: 0 | AH22: 3 | AI22: 15 | AJ22: =SUM(AD22:AI22) -> 21
A23: TOTAL | C23: =SUM(C18:C22) -> 8 | D23: =SUM(D18:D22) -> 6 | E23: =SUM(E18:E22) -> 1 | F23: =SUM(F18:F22) -> 5 | G23: =SUM(G18:G22) -> 0 | H23: =SUM(H18:H22) -> 7 | I23: =SUM(I18:I22) -> 7 | J23: =SUM(J18:J22) -> 2 | ... AJ23: =SUM(AJ18:AJ22) -> 190.5
A24: WEEK 4 | B24: 46286 | C24: 1 | D24: 1 | E24: 0 | F24: 1 | G24: 0 | H24: 2 | I24: 2 | J24: 1 | K24: 1 | L24: 0 | M24: 1 | N24: 0 | O24: 0 | P24: 0 | Q24: 41.3 | R24: 10.5 | S24: 22 | T24: 604.67 | U24: 1995 | V24: 147 | W24: 3 | X24: 2 | Y24: 2 | Z24: 0 | AA24: 1 | AB24: 4 | AC24: =SUM(W24:AB24) -> 12 | AD24: 10.5 | AE24: 10 | AF24: 9 | AG24: 0 | AH24: 3 | AI24: 10 | AJ24: =SUM(AD24:AI24) -> 42.5
B25: 46287 | C25: 3 | D25: 2 | E25: 0 | F25: 2 | G25: 0 | H25: 2 | I25: 2 | J25: 1 | K25: 1 | L25: 0 | M25: 0 | N25: 0 | O25: 0 | P25: 0 | Q25: 18.9 | R25: 16.4 | S25: 10 | T25: 283.68 | U25: 1616 | V25: 93 | W25: 2 | X25: 0 | Y25: 2 | Z25: 0 | AA25: 1 | AB25: 1 | AC25: =SUM(W25:AB25) -> 6 | AD25: 10 | AE25: 0 | AF25: 5.5 | AG25: 0 | AH25: 4 | AI25: 4.5 | AJ25: =SUM(AD25:AI25) -> 24
B26: 46288 | C26: 0 | D26: 0 | E26: 0 | F26: 0 | G26: 0 | H26: 0 | I26: 0 | J26: 0 | K26: 0 | L26: 0 | M26: 1 | N26: 0 | O26: 0 | P26: 0 | Q26: 0 | R26: 0 | S26: 19 | T26: 240.87 | U26: 480 | V26: 53 | W26: 1 | X26: 1 | Y26: 2 | Z26: 0 | AA26: 2 | AB26: 2 | AC26: =SUM(W26:AB26) -> 8 | AD26: 2 | AE26: 5 | AF26: 7.5 | AG26: 0 | AH26: 10 | AI26: 10 | AJ26: =SUM(AD26:AI26) -> 34.5
B27: 46289 | C27: 2 | D27: 1 | E27: 0 | F27: 1 | G27: 0 | H27: 3 | I27: 3 | J27: 1 | K27: 2 | L27: 0 | M27: 1 | N27: 0 | O27: 1 | P27: 0 | Q27: 60.2 | R27: 3.1 | S27: 6 | T27: 138.09 | U27: 1587 | V27: 193 | W27: 3 | X27: 2 | Y27: 2 | Z27: 2 | AA27: 1 | AB27: 1 | AC27: =SUM(W27:AB27) -> 11 | AD27: 16.5 | AE27: 6.5 | AF27: 5 | AG27: 8 | AH27: 4 | AI27: 3 | AJ27: =SUM(AD27:AI27) -> 43
B28: 46290 | C28: 1 | D28: 1 | E28: 0 | F28: 1 | G28: 0 | H28: 0 | I28: 0 | J28: 0 | K28: 0 | L28: 0 | M28: 0 | N28: 0 | O28: 0 | P28: 0 | Q28: 46.3 | R28: 2.8 | S28: 4 | T28: 88.41 | U28: 1380 | V28: 196 | W28: 2 | X28: 0 | Y28: 2 | Z28: 0 | AA28: 2 | AB28: 4 | AC28: =SUM(W28:AB28) -> 10 | AD28: 7 | AE28: 0 | AF28: 10.5 | AG28: 0 | AH28: 8.5 | AI28: 12 | AJ28: =SUM(AD28:AI28) -> 38
A29: TOTAL | C29: =SUM(C24:C28) -> 7 | D29: =SUM(D24:D28) -> 5 | E29: =SUM(E24:E28) -> 0 | F29: =SUM(F24:F28) -> 5 | G29: =SUM(G24:G28) -> 0 | H29: =SUM(H24:H28) -> 7 | I29: =SUM(I24:I28) -> 7 | J29: =SUM(J24:J28) -> 3 | ... AJ29: =SUM(AJ24:AJ28) -> 182
A30: WEEK 5 | B30: 46293 | C30: 4 | D30: 4 | E30: 1 | F30: 3 | G30: 0 | H30: 3 | I30: 3 | J30: 1 | K30: 2 | L30: 0 | M30: 1 | N30: 0 | O30: 0 | P30: 0 | Q30: 0 | R30: 0 | S30: 19 | T30: 274.31 | U30: 908 | V30: 136 | W30: 4 | X30: 1 | Y30: 2 | Z30: 1 | AA30: 5 | AB30: 3 | AC30: =SUM(W30:AB30) -> 16 | AD30: 9.5 | AE30: 3.5 | AF30: 10 | AG30: 4.5 | AH30: 25.5 | AI30: 9.5 | AJ30: =SUM(AD30:AI30) -> 62.5
B31: 46294 | C31: 1 | D31: 0 | E31: 0 | F31: 0 | G31: 0 | H31: 3 | I31: 3 | J31: 1 | K31: 2 | L31: 0 | M31: 1 | N31: 0 | O31: 0 | P31: 0 | Q31: 10.8 | R31: 21.7 | S31: 18 | T31: 522.42 | U31: 1848 | V31: 183 | W31: 3 | X31: 2 | Y31: 2 | Z31: 0 | AA31: 1 | AB31: 2 | AC31: =SUM(W31:AB31) -> 10 | AD31: 7.5 | AE31: 7.5 | AF31: 6 | AG31: 0 | AH31: 2.5 | AI31: 5.5 | AJ31: =SUM(AD31:AI31) -> 29
B32: 46295 | C32: 4 | D32: 4 | E32: 0 | F32: 4 | G32: 0 | H32: 1 | I32: 0 | J32: 0 | K32: 0 | L32: 0 | M32: 1 | N32: 0 | O32: 0 | P32: 0 | Q32: 0 | R32: 0 | S32: 20 | T32: 530.62 | U32: 364 | V32: 46 | W32: 2 | X32: 0 | Y32: 2 | Z32: 1 | AA32: 5 | AB32: 4 | AC32: =SUM(W32:AB32) -> 14 | AD32: 8.5 | AE32: 0 | AF32: 5 | AG32: 5 | AH32: 22.5 | AI32: 11.5 | AJ32: =SUM(AD32:AI32) -> 52.5
AC33: =SUM(W33:AB33) -> 0 | AJ33: =SUM(AD33:AI33) -> 0
AC34: =SUM(W34:AB34) -> 0 | AJ34: =SUM(AD34:AI34) -> 0
A35: TOTAL | C35: =SUM(C30:C32) -> 9 | D35: =SUM(D30:D32) -> 8 | E35: =SUM(E30:E32) -> 1 | F35: =SUM(F30:F32) -> 7 | G35: =SUM(G30:G32) -> 0 | H35: =SUM(H30:H32) -> 7 | I35: =SUM(I30:I32) -> 6 | J35: =SUM(J30:J32) -> 2 | ... AJ35: =SUM(AJ30:AJ32) -> 144
A36: SEPTEMBER-GRAND TOTAL | C36: =C11+C17+C23+C29+C35 -> 45 | D36: =D11+D17+D23+D29+D35 -> 39 | E36: =E11+E17+E23+E29+E35 -> 5 | F36: =F11+F17+F23+F29+F35 -> 34 | G36: =G11+G17+G23+G29+G35 -> 0 | H36: =H11+H17+H23+H29+H35 -> 30 | I36: =I11+I17+I23+I29+I35 -> 26 | J36: =J11+J17+J23+J29+J35 -> 10 | ... AJ36: =AJ11+AJ17+AJ23+AJ29+AJ35 -> 924

Sheet October
E1: MONTHLY OPERATIONS REPORT - YFS - WELLINGTON HUB
C4: Interview Styling | H4: Confidence Styling | M4: WEV Program | Q4: Donations(kg) | S4: Terrace Income | U4: Marketing | W4: Volunteer Count by category | AD4: Volunteer Hours by category
A5: OCTOBER | B5: Date | C5: Registrations | D5: Completed | E5: Male | F5: Female | G5: Non-Binary | H5: Registrations | I5: Completed | J5: Male | K5: Female | L5: Non-Binary | M5: Registrations | N5: Onboarded | O5: Offboarded | P5: Employed | Q5: Donations Received | R5: Re-Donations | S5: Customers Purchased | T5: Total Income | U5: Social Media Outreach | V5: Social Media Engagement | W5: Retail | X5: HR | Y5: Business Supprt | Z5: Marketing | AA5: Stylist | AB5: Clothing Management | AC5: Total | AD5: Retail | AE5: HR | AF5: Business Support | AG5: Marketing | AH5: Stylist | AI5: Clothing Management | AJ5: Total
A6: WEEK 1 | AC6: =SUM(W6:AB6) -> 0 | AJ6: =SUM(AD6:AI6) -> 0
AC7: =SUM(W7:AB7) -> 0 | AJ7: =SUM(AD7:AI7) -> 0
AC8: =SUM(W8:AB8) -> 0 | AJ8: =SUM(AD8:AI8) -> 0
B9: 46296 | C9: 4 | D9: 4 | E9: 1 | F9: 3 | G9: 0 | H9: 1 | I9: 1 | J9: 1 | K9: 0 | L9: 0 | M9: 2 | N9: 0 | O9: 1 | P9: 0 | Q9: 63.4 | R9: 0 | S9: 17 | T9: 226.59 | U9: 439 | V9: 40 | W9: 3 | X9: 0 | Y9: 1 | Z9: 0 | AA9: 1 | AB9: 4 | AC9: =SUM(W9:AB9) -> 9 | AD9: 14 | AE9: 0 | AF9: 2.5 | AG9: 0 | AH9: 4.5 | AI9: 22 | AJ9: =SUM(AD9:AI9) -> 43
B10: 46297 | C10: 0 | D10: 0 | E10: 0 | F10: 0 | G10: 0 | H10: 3 | I10: 2 | J10: 1 | K10: 1 | L10: 0 | M10: 0 | N10: 0 | O10: 0 | P10: 1 | Q10: 32.3 | R10: 7.5 | S10: 22 | T10: 578.98 | U10: 1484 | V10: 62 | W10: 3 | X10: 0 | Y10: 0 | Z10: 1 | AA10: 5 | AB10: 3 | AC10: =SUM(W10:AB10) -> 12 | AD10: 7.5 | AE10: 0 | AF10: 0 | AG10: 2.5 | AH10: 19 | AI10: 11.5 | AJ10: =SUM(AD10:AI10) -> 40.5
A11: TOTAL | C11: =SUM(C9:C10) -> 4 | D11: =SUM(D9:D10) -> 4 | E11: =SUM(E9:E10) -> 1 | F11: =SUM(F9:F10) -> 3 | G11: =SUM(G9:G10) -> 0 | H11: =SUM(H9:H10) -> 4 | I11: =SUM(I9:I10) -> 3 | J11: =SUM(J9:J10) -> 2 | ... AJ11: =SUM(AJ9:AJ10) -> 83.5
A12: WEEK 2 | B12: 46300 | C12: 0 | D12: 0 | E12: 0 | F12: 0 | G12: 0 | H12: 2 | I12: 2 | J12: 1 | K12: 1 | L12: 0 | M12: 1 | N12: 1 | O12: 0 | P12: 0 | Q12: 15.6 | R12: 4.8 | S12: 17 | T12: 447.7 | U12: 201 | V12: 16 | W12: 1 | X12: 1 | Y12: 2 | Z12: 0 | AA12: 4 | AB12: 4 | AC12: =SUM(W12:AB12) -> 12 | AD12: 3.5 | AE12: 5 | AF12: 5.5 | AG12: 0 | AH12: 14.5 | AI12: 9.5 | AJ12: =SUM(AD12:AI12) -> 38
B13: 46301 | C13: 3 | D13: 2 | E13: 1 | F13: 1 | G13: 0 | H13: 0 | I13: 0 | J13: 0 | K13: 0 | L13: 0 | M13: 0 | N13: 0 | O13: 0 | P13: 0 | Q13: 15.1 | R13: 14.7 | S13: 18 | T13: 478.4 | U13: 341 | V13: 29 | W13: 3 | X13: 0 | Y13: 0 | Z13: 1 | AA13: 4 | AB13: 4 | AC13: =SUM(W13:AB13) -> 12 | AD13: 9.5 | AE13: 0 | AF13: 0 | AG13: 4.5 | AH13: 14 | AI13: 19 | AJ13: =SUM(AD13:AI13) -> 47
B14: 46302 | C14: 3 | D14: 3 | E14: 1 | F14: 2 | G14: 0 | H14: 1 | I14: 0 | J14: 0 | K14: 0 | L14: 0 | M14: 2 | N14: 0 | O14: 0 | P14: 0 | Q14: 0 | R14: 0 | S14: 18 | T14: 250.36 | U14: 722 | V14: 24 | W14: 4 | X14: 0 | Y14: 2 | Z14: 0 | AA14: 2 | AB14: 2 | AC14: =SUM(W14:AB14) -> 10 | AD14: 15.5 | AE14: 0 | AF14: 7 | AG14: 0 | AH14: 6 | AI14: 7.5 | AJ14: =SUM(AD14:AI14) -> 36
B15: 46303 | C15: 3 | D15: 3 | E15: 0 | F15: 3 | G15: 0 | H15: 1 | I15: 1 | J15: 0 | K15: 1 | L15: 0 | M15: 0 | N15: 1 | O15: 1 | P15: 0 | Q15: 27.6 | R15: 11.1 | S15: 7 | T15: 172.77 | U15: 1659 | V15: 114 | W15: 3 | X15: 0 | Y15: 2 | Z15: 2 | AA15: 1 | AB15: 2 | AC15: =SUM(W15:AB15) -> 10 | AD15: 9.5 | AE15: 0 | AF15: 7.5 | AG15: 4.5 | AH15: 2.5 | AI15: 10.5 | AJ15: =SUM(AD15:AI15) -> 34.5
B16: 46304 | C16: 3 | D16: 3 | E16: 1 | F16: 2 | G16: 0 | H16: 0 | I16: 0 | J16: 0 | K16: 0 | L16: 0 | M16: 0 | N16: 0 | O16: 0 | P16: 0 | Q16: 44.6 | R16: 0 | S16: 4 | T16: 82.3 | U16: 1138 | V16: 110 | W16: 2 | X16: 2 | Y16: 1 | Z16: 1 | AA16: 1 | AB16: 3 | AC16: =SUM(W16:AB16) -> 10 | AD16: 6 | AE16: 6 | AF16: 5.5 | AG16: 2 | AH16: 3 | AI16: 6.5 | AJ16: =SUM(AD16:AI16) -> 29
A17: TOTAL | C17: =SUM(C12:C16) -> 12 | D17: =SUM(D12:D16) -> 11 | E17: =SUM(E12:E16) -> 3 | F17: =SUM(F12:F16) -> 8 | G17: =SUM(G12:G16) -> 0 | H17: =SUM(H12:H16) -> 4 | I17: =SUM(I12:I16) -> 3 | J17: =SUM(J12:J16) -> 1 | ... AJ17: =SUM(AJ12:AJ16) -> 184.5
A18: WEEK 3 | B18: 46307 | C18: 4 | D18: 3 | E18: 0 | F18: 3 | G18: 0 | H18: 3 | I18: 2 | J18: 0 | K18: 2 | L18: 0 | M18: 0 | N18: 0 | O18: 0 | P18: 0 | Q18: 22.9 | R18: 0 | S18: 10 | T18: 278.86 | U18: 876 | V18: 57 | W18: 3 | X18: 0 | Y18: 0 | Z18: 0 | AA18: 1 | AB18: 2 | AC18: =SUM(W18:AB18) -> 6 | AD18: 6.5 | AE18: 0 | AF18: 0 | AG18: 0 | AH18: 5.5 | AI18: 5.5 | AJ18: =SUM(AD18:AI18) -> 17.5
B19: 46308 | C19: 3 | D19: 3 | E19: 0 | F19: 3 | G19: 0 | H19: 2 | I19: 2 | J19: 1 | K19: 1 | L19: 0 | M19: 0 | N19: 0 | O19: 0 | P19: 1 | Q19: 46.3 | R19: 0 | S19: 10 | T19: 211.89 | U19: 1263 | V19: 69 | W19: 2 | X19: 1 | Y19: 1 | Z19: 2 | AA19: 2 | AB19: 3 | AC19: =SUM(W19:AB19) -> 11 | AD19: 5.5 | AE19: 3.5 | AF19: 2.5 | AG19: 11 | AH19: 7 | AI19: 9.5 | AJ19: =SUM(AD19:AI19) -> 39
B20: 46309 | C20: 0 | D20: 0 | E20: 0 | F20: 0 | G20: 0 | H20: 1 | I20: 1 | J20: 0 | K20: 1 | L20: 0 | M20: 2 | N20: 1 | O20: 0 | P20: 0 | Q20: 21.3 | R20: 0 | S20: 22 | T20: 283.23 | U20: 1124 | V20: 24 | W20: 4 | X20: 0 | Y20: 2 | Z20: 1 | AA20: 5 | AB20: 2 | AC20: =SUM(W20:AB20) -> 14 | AD20: 22 | AE20: 0 | AF20: 11 | AG20: 4.5 | AH20: 12.5 | AI20: 8.5 | AJ20: =SUM(AD20:AI20) -> 58.5
B21: 46310 | C21: 4 | D21: 4 | E21: 0 | F21: 4 | G21: 0 | H21: 1 | I21: 1 | J21: 1 | K21: 0 | L21: 0 | M21: 0 | N21: 0 | O21: 0 | P21: 0 | Q21: 58.3 | R21: 0 | S21: 12 | T21: 229.53 | U21: 1468 | V21: 232 | W21: 3 | X21: 2 | Y21: 1 | Z21: 1 | AA21: 2 | AB21: 2 | AC21: =SUM(W21:AB21) -> 11 | AD21: 9 | AE21: 8 | AF21: 5.5 | AG21: 3.5 | AH21: 8 | AI21: 9 | AJ21: =SUM(AD21:AI21) -> 43
B22: 46311 | C22: 0 | D22: 0 | E22: 0 | F22: 0 | G22: 0 | H22: 2 | I22: 1 | J22: 0 | K22: 1 | L22: 0 | M22: 1 | N22: 0 | O22: 0 | P22: 0 | Q22: 35.4 | R22: 13.2 | S22: 14 | T22: 197.26 | U22: 993 | V22: 27 | W22: 1 | X22: 0 | Y22: 2 | Z22: 0 | AA22: 5 | AB22: 1 | AC22: =SUM(W22:AB22) -> 9 | AD22: 2 | AE22: 0 | AF22: 8 | AG22: 0 | AH22: 23 | AI22: 4 | AJ22: =SUM(AD22:AI22) -> 37
A23: TOTAL | C23: =SUM(C18:C22) -> 11 | D23: =SUM(D18:D22) -> 10 | E23: =SUM(E18:E22) -> 0 | F23: =SUM(F18:F22) -> 10 | G23: =SUM(G18:G22) -> 0 | H23: =SUM(H18:H22) -> 9 | I23: =SUM(I18:I22) -> 7 | J23: =SUM(J18:J22) -> 2 | ... AJ23: =SUM(AJ18:AJ22) -> 195
A24: WEEK 4 | B24: 46314 | C24: 2 | D24: 2 | E24: 1 | F24: 1 | G24: 0 | H24: 3 | I24: 3 | J24: 1 | K24: 2 | L24: 0 | M24: 0 | N24: 0 | O24: 0 | P24: 1 | Q24: 54.8 | R24: 3.5 | S24: 3 | T24: 70.67 | U24: 1849 | V24: 111 | W24: 2 | X24: 2 | Y24: 2 | Z24: 2 | AA24: 4 | AB24: 3 | AC24: =SUM(W24:AB24) -> 15 | AD24: 7 | AE24: 7 | AF24: 5 | AG24: 5 | AH24: 15.5 | AI24: 15.5 | AJ24: =SUM(AD24:AI24) -> 55
B25: 46315 | C25: 1 | D25: 1 | E25: 0 | F25: 1 | G25: 0 | H25: 0 | I25: 0 | J25: 0 | K25: 0 | L25: 0 | M25: 1 | N25: 0 | O25: 0 | P25: 0 | Q25: 63.6 | R25: 0 | S25: 7 | T25: 156.99 | U25: 598 | V25: 50 | W25: 3 | X25: 1 | Y25: 0 | Z25: 2 | AA25: 3 | AB25: 2 | AC25: =SUM(W25:AB25) -> 11 | AD25: 13.5 | AE25: 4.5 | AF25: 0 | AG25: 11 | AH25: 16 | AI25: 10 | AJ25: =SUM(AD25:AI25) -> 55
B26: 46316 | C26: 0 | D26: 0 | E26: 0 | F26: 0 | G26: 0 | H26: 1 | I26: 1 | J26: 0 | K26: 1 | L26: 0 | M26: 0 | N26: 0 | O26: 1 | P26: 1 | Q26: 0 | R26: 21 | S26: 10 | T26: 248.79 | U26: 1202 | V26: 126 | W26: 4 | X26: 0 | Y26: 2 | Z26: 1 | AA26: 2 | AB26: 3 | AC26: =SUM(W26:AB26) -> 12 | AD26: 10 | AE26: 0 | AF26: 10.5 | AG26: 3.5 | AH26: 6 | AI26: 12.5 | AJ26: =SUM(AD26:AI26) -> 42.5
B27: 46317 | C27: 4 | D27: 4 | E27: 1 | F27: 3 | G27: 0 | H27: 0 | I27: 0 | J27: 0 | K27: 0 | L27: 0 | M27: 0 | N27: 0 | O27: 1 | P27: 0 | Q27: 39.1 | R27: 0 | S27: 11 | T27: 254.74 | U27: 1775 | V27: 170 | W27: 4 | X27: 1 | Y27: 2 | Z27: 0 | AA27: 5 | AB27: 1 | AC27: =SUM(W27:AB27) -> 13 | AD27: 10 | AE27: 5 | AF27: 7 | AG27: 0 | AH27: 21 | AI27: 2.5 | AJ27: =SUM(AD27:AI27) -> 45.5
B28: 46318 | C28: 4 | D28: 4 | E28: 1 | F28: 3 | G28: 0 | H28: 0 | I28: 0 | J28: 0 | K28: 0 | L28: 0 | M28: 0 | N28: 1 | O28: 1 | P28: 0 | Q28: 33.5 | R28: 0 | S28: 14 | T28: 351.57 | U28: 1849 | V28: 253 | W28: 3 | X28: 1 | Y28: 1 | Z28: 2 | AA28: 5 | AB28: 4 | AC28: =SUM(W28:AB28) -> 16 | AD28: 13.5 | AE28: 2 | AF28: 2 | AG28: 6.5 | AH28: 26 | AI28: 18.5 | AJ28: =SUM(AD28:AI28) -> 68.5
A29: TOTAL | C29: =SUM(C24:C28) -> 11 | D29: =SUM(D24:D28) -> 11 | E29: =SUM(E24:E28) -> 3 | F29: =SUM(F24:F28) -> 8 | G29: =SUM(G24:G28) -> 0 | H29: =SUM(H24:H28) -> 4 | I29: =SUM(I24:I28) -> 4 | J29: =SUM(J24:J28) -> 1 | ... AJ29: =SUM(AJ24:AJ28) -> 266.5
A30: WEEK 5 | B30: 46321 | C30: 3 | D30: 2 | E30: 0 | F30: 2 | G30: 0 | H30: 0 | I30: 0 | J30: 0 | K30: 0 | L30: 0 | M30: 0 | N30: 0 | O30: 1 | P30: 1 | Q30: 16.3 | R30: 0 | S30: 4 | T30: 100.34 | U30: 1667 | V30: 127 | W30: 1 | X30: 0 | Y30: 0 | Z30: 0 | AA30: 1 | AB30: 2 | AC30: =SUM(W30:AB30) -> 4 | AD30: 5.5 | AE30: 0 | AF30: 0 | AG30: 0 | AH30: 4 | AI30: 10 | AJ30: =SUM(AD30:AI30) -> 19.5
B31: 46322 | C31: 1 | D31: 0 | E31: 0 | F31: 0 | G31: 0 | H31: 2 | I31: 2 | J31: 0 | K31: 2 | L31: 0 | M31: 2 | N31: 0 | O31: 1 | P31: 0 | Q31: 30.8 | R31: 0 | S31: 22 | T31: 606.8 | U31: 2014 | V31: 262 | W31: 4 | X31: 1 | Y31: 2 | Z31: 2 | AA31: 4 | AB31: 3 | AC31: =SUM(W31:AB31) -> 16 | AD31: 19.5 | AE31: 2.5 | AF31: 6 | AG31: 5 | AH31: 17.5 | AI31: 13 | AJ31: =SUM(AD31:AI31) -> 63.5
B32: 46323 | C32: 3 | D32: 3 | E32: 0 | F32: 2 | G32: 1 | H32: 1 | I32: 1 | J32: 1 | K32: 0 | L32: 0 | M32: 2 | N32: 0 | O32: 0 | P32: 0 | Q32: 64.1 | R32: 20.8 | S32: 14 | T32: 269.01 | U32: 995 | V32: 152 | W32: 3 | X32: 1 | Y32: 2 | Z32: 2 | AA32: 1 | AB32: 3 | AC32: =SUM(W32:AB32) -> 12 | AD32: 10 | AE32: 5 | AF32: 7.5 | AG32: 10.5 | AH32: 4.5 | AI32: 16.5 | AJ32: =SUM(AD32:AI32) -> 54
B33: 46324 | C33: 3 | D33: 3 | E33: 0 | F33: 3 | G33: 0 | H33: 0 | I33: 0 | J33: 0 | K33: 0 | L33: 0 | M33: 0 | N33: 1 | O33: 0 | P33: 0 | Q33: 9.4 | R33: 0 | S33: 14 | T33: 395.88 | U33: 2091 | V33: 43 | W33: 3 | X33: 1 | Y33: 0 | Z33: 2 | AA33: 2 | AB33: 2 | AC33: =SUM(W33:AB33) -> 10 | AD33: 11.5 | AE33: 2 | AF33: 0 | AG33: 5 | AH33: 5 | AI33: 5 | AJ33: =SUM(AD33:AI33) -> 28.5
B34: 46325 | C34: 0 | D34: 0 | E34: 0 | F34: 0 | G34: 0 | H34: 3 | I34: 3 | J34: 1 | K34: 2 | L34: 0 | M34: 0 | N34: 1 | O34: 0 | P34: 0 | Q34: 57 | R34: 0 | S34: 18 | T34: 260.18 | U34: 1894 | V34: 137 | W34: 2 | X34: 1 | Y34: 1 | Z34: 2 | AA34: 4 | AB34: 3 | AC34: =SUM(W34:AB34) -> 13 | AD34: 9 | AE34: 3 | AF34: 3.5 | AG34: 7.5 | AH34: 11 | AI34: 10 | AJ34: =SUM(AD34:AI34) -> 44
A35: TOTAL | C35: =SUM(C30:C34) -> 10 | D35: =SUM(D30:D34) -> 8 | E35: =SUM(E30:E34) -> 0 | F35: =SUM(F30:F34) -> 7 | G35: =SUM(G30:G34) -> 1 | H35: =SUM(H30:H34) -> 6 | I35: =SUM(I30:I34) -> 6 | J35: =SUM(J30:J34) -> 2 | ... AJ35: =SUM(AJ30:AJ34) -> 209.5
A36: OCTOBER-GRAND TOTAL | C36: =C11+C17+C23+C29+C35 -> 48 | D36: =D11+D17+D23+D29+D35 -> 44 | E36: =E11+E17+E23+E29+E35 -> 7 | F36: =F11+F17+F23+F29+F35 -> 36 | G36: =G11+G17+G23+G29+G35 -> 1 | H36: =H11+H17+H23+H29+H35 -> 27 | I36: =I11+I17+I23+I29+I35 -> 23 | J36: =J11+J17+J23+J29+J35 -> 8 | ... AJ36: =AJ11+AJ17+AJ23+AJ29+AJ35 -> 939

Sheet November
E1: MONTHLY OPERATIONS REPORT - YFS - WELLINGTON HUB
C4: Interview Styling | H4: Confidence Styling | M4: WEV Program | Q4: Donations(kg) | S4: Terrace Income | U4: Marketing | W4: Volunteer Count by category | AD4: Volunteer Hours by category
A5: NOVEMBER | B5: Date | C5: Registrations | D5: Completed | E5: Male | F5: Female | G5: Non-Binary | H5: Registrations | I5: Completed | J5: Male | K5: Female | L5: Non-Binary | M5: Registrations | N5: Onboarded | O5: Offboarded | P5: Employed | Q5: Donations Received | R5: Re-Donations | S5: Customers Purchased | T5: Total Income | U5: Social Media Outreach | V5: Social Media Engagement | W5: Retail | X5: HR | Y5: Business Supprt | Z5: Marketing | AA5: Stylist | AB5: Clothing Management | AC5: Total | AD5: Retail | AE5: HR | AF5: Business Support | AG5: Marketing | AH5: Stylist | AI5: Clothing Management | AJ5: Total
A6: WEEK 1 | B6: 46328 | C6: 1 | D6: 1 | E6: 1 | F6: 0 | G6: 0 | H6: 3 | I6: 2 | J6: 0 | K6: 2 | L6: 0 | M6: 0 | N6: 1 | O6: 0 | P6: 0 | Q6: 0 | R6: 0 | S6: 21 | T6: 374.21 | U6: 1930 | V6: 108 | W6: 3 | X6: 1 | Y6: 1 | Z6: 1 | AA6: 5 | AB6: 2 | AC6: =SUM(W6:AB6) -> 13 | AD6: 7.5 | AE6: 4.5 | AF6: 3.5 | AG6: 3.5 | AH6: 14.5 | AI6: 7.5 | AJ6: =SUM(AD6:AI6) -> 41
B7: 46329 | C7: 4 | D7: 4 | E7: 1 | F7: 3 | G7: 0 | H7: 3 | I7: 3 | J7: 1 | K7: 2 | L7: 0 | M7: 1 | N7: 0 | O7: 1 | P7: 0 | Q7: 0 | R7: 0 | S7: 22 | T7: 553.41 | U7: 1183 | V7: 100 | W7: 3 | X7: 0 | Y7: 2 | Z7: 1 | AA7: 2 | AB7: 3 | AC7: =SUM(W7:AB7) -> 11 | AD7: 7 | AE7: 0 | AF7: 6.5 | AG7: 3 | AH7: 5 | AI7: 8 | AJ7: =SUM(AD7:AI7) -> 29.5
B8: 46330 | C8: 3 | D8: 2 | E8: 1 | F8: 1 | G8: 0 | H8: 1 | I8: 1 | J8: 0 | K8: 1 | L8: 0 | M8: 0 | N8: 0 | O8: 1 | P8: 0 | Q8: 63.1 | R8: 0 | S8: 12 | T8: 151.4 | U8: 1139 | V8: 127 | W8: 1 | X8: 0 | Y8: 1 | Z8: 2 | AA8: 2 | AB8: 4 | AC8: =SUM(W8:AB8) -> 10 | AD8: 2 | AE8: 0 | AF8: 5 | AG8: 4.5 | AH8: 4.5 | AI8: 16.5 | AJ8: =SUM(AD8:AI8) -> 32.5
B9: 46331 | C9: 1 | D9: 1 | E9: 0 | F9: 1 | G9: 0 | H9: 0 | I9: 0 | J9: 0 | K9: 0 | L9: 0 | M9: 0 | N9: 0 | O9: 0 | P9: 0 | Q9: 0 | R9: 0 | S9: 6 | T9: 138.13 | U9: 1619 | V9: 220 | W9: 3 | X9: 2 | Y9: 2 | Z9: 1 | AA9: 1 | AB9: 2 | AC9: =SUM(W9:AB9) -> 11 | AD9: 16.5 | AE9: 10.5 | AF9: 10.5 | AG9: 3 | AH9: 4.5 | AI9: 5 | AJ9: =SUM(AD9:AI9) -> 50
B10: 46332 | C10: 4 | D10: 4 | E10: 1 | F10: 3 | G10: 0 | H10: 0 | I10: 0 | J10: 0 | K10: 0 | L10: 0 | M10: 1 | N10: 0 | O10: 0 | P10: 0 | Q10: 25.4 | R10: 0 | S10: 9 | T10: 195.72 | U10: 1010 | V10: 84 | W10: 4 | X10: 2 | Y10: 0 | Z10: 1 | AA10: 1 | AB10: 4 | AC10: =SUM(W10:AB10) -> 12 | AD10: 12 | AE10: 9 | AF10: 0 | AG10: 4.5 | AH10: 2.5 | AI10: 13.5 | AJ10: =SUM(AD10:AI10) -> 41.5
A11: TOTAL | C11: =SUM(C6:C10) -> 13 | D11: =SUM(D6:D10) -> 12 | E11: =SUM(E6:E10) -> 4 | F11: =SUM(F6:F10) -> 8 | G11: =SUM(G6:G10) -> 0 | H11: =SUM(H6:H10) -> 7 | I11: =SUM(I6:I10) -> 6 | J11: =SUM(J6:J10) -> 1 | ... AJ11: =SUM(AJ6:AJ10) -> 194.5
A12: WEEK 2 | B12: 46335 | C12: 0 | D12: 0 | E12: 0 | F12: 0 | G12: 0 | H12: 0 | I12: 0 | J12: 0 | K12: 0 | L12: 0 | M12: 0 | N12: 0 | O12: 0 | P12: 0 | Q12: 61.9 | R12: 0 | S12: 6 | T12: 108.31 | U12: 1306 | V12: 191 | W12: 2 | X12: 1 | Y12: 1 | Z12: 0 | AA12: 3 | AB12: 3 | AC12: =SUM(W12:AB12) -> 10 | AD12: 4.5 | AE12: 2.5 | AF12: 5 | AG12: 0 | AH12: 14 | AI12: 12 | AJ12: =SUM(AD12:AI12) -> 38
B13: 46336 | C13: 2 | D13: 1 | E13: 1 | F13: 0 | G13: 0 | H13: 1 | I13: 0 | J13: 0 | K13: 0 | L13: 0 | M13: 0 | N13: 0 | O13: 0 | P13: 0 | Q13: 22.8 | R13: 0 | S13: 16 | T13: 301.39 | U13: 2100 | V13: 182 | W13: 2 | X13: 2 | Y13: 1 | Z13: 1 | AA13: 2 | AB13: 1 | AC13: =SUM(W13:AB13) -> 9 | AD13: 9 | AE13: 8 | AF13: 4 | AG13: 2 | AH13: 8 | AI13: 4.5 | AJ13: =SUM(AD13:AI13) -> 35.5
B14: 46337 | C14: 2 | D14: 1 | E14: 1 | F14: 0 | G14: 0 | H14: 3 | I14: 3 | J14: 0 | K14: 3 | L14: 0 | M14: 0 | N14: 1 | O14: 0 | P14: 1 | Q14: 41.1 | R14: 10.3 | S14: 19 | T14: 328.02 | U14: 582 | V14: 73 | W14: 4 | X14: 0 | Y14: 1 | Z14: 1 | AA14: 3 | AB14: 4 | AC14: =SUM(W14:AB14) -> 13 | AD14: 12.5 | AE14: 0 | AF14: 4.5 | AG14: 5 | AH14: 14 | AI14: 15 | AJ14: =SUM(AD14:AI14) -> 51
B15: 46338 | C15: 0 | D15: 0 | E15: 0 | F15: 0 | G15: 0 | H15: 1 | I15: 1 | J15: 1 | K15: 0 | L15: 0 | M15: 1 | N15: 0 | O15: 1 | P15: 0 | Q15: 22.1 | R15: 0 | S15: 9 | T15: 223.27 | U15: 412 | V15: 48 | W15: 1 | X15: 0 | Y15: 2 | Z15: 0 | AA15: 4 | AB15: 3 | AC15: =SUM(W15:AB15) -> 10 | AD15: 4.5 | AE15: 0 | AF15: 5 | AG15: 0 | AH15: 17 | AI15: 14 | AJ15: =SUM(AD15:AI15) -> 40.5
B16: 46339 | C16: 2 | D16: 2 | E16: 0 | F16: 2 | G16: 0 | H16: 2 | I16: 2 | J16: 1 | K16: 1 | L16: 0 | M16: 2 | N16: 0 | O16: 0 | P16: 0 | Q16: 53.1 | R16: 15.3 | S16: 6 | T16: 131.94 | U16: 870 | V16: 133 | W16: 2 | X16: 0 | Y16: 0 | Z16: 0 | AA16: 4 | AB16: 3 | AC16: =SUM(W16:AB16) -> 9 | AD16: 7.5 | AE16: 0 | AF16: 0 | AG16: 0 | AH16: 13.5 | AI16: 8.5 | AJ16: =SUM(AD16:AI16) -> 29.5
A17: TOTAL | C17: =SUM(C12:C16) -> 6 | D17: =SUM(D12:D16) -> 4 | E17: =SUM(E12:E16) -> 2 | F17: =SUM(F12:F16) -> 2 | G17: =SUM(G12:G16) -> 0 | H17: =SUM(H12:H16) -> 7 | I17: =SUM(I12:I16) -> 6 | J17: =SUM(J12:J16) -> 2 | ... AJ17: =SUM(AJ12:AJ16) -> 194.5
A18: WEEK 3 | B18: 46342 | C18: 3 | D18: 2 | E18: 1 | F18: 1 | G18: 0 | H18: 2 | I18: 1 | J18: 0 | K18: 1 | L18: 0 | M18: 0 | N18: 0 | O18: 0 | P18: 0 | Q18: 17.5 | R18: 0 | S18: 7 | T18: 193.9 | U18: 1389 | V18: 182 | W18: 1 | X18: 1 | Y18: 1 | Z18: 0 | AA18: 2 | AB18: 4 | AC18: =SUM(W18:AB18) -> 9 | AD18: 5 | AE18: 5.5 | AF18: 2.5 | AG18: 0 | AH18: 9.5 | AI18: 17.5 | AJ18: =SUM(AD18:AI18) -> 40
B19: 46343 | C19: 0 | D19: 0 | E19: 0 | F19: 0 | G19: 0 | H19: 0 | I19: 0 | J19: 0 | K19: 0 | L19: 0 | M19: 2 | N19: 0 | O19: 0 | P19: 1 | Q19: 40.8 | R19: 5 | S19: 7 | T19: 156.59 | U19: 1777 | V19: 122 | W19: 1 | X19: 2 | Y19: 2 | Z19: 1 | AA19: 3 | AB19: 3 | AC19: =SUM(W19:AB19) -> 12 | AD19: 4.5 | AE19: 5 | AF19: 5.5 | AG19: 5 | AH19: 10 | AI19: 15 | AJ19: =SUM(AD19:AI19) -> 45
B20: 46344 | C20: 0 | D20: 0 | E20: 0 | F20: 0 | G20: 0 | H20: 2 | I20: 1 | J20: 0 | K20: 1 | L20: 0 | M20: 0 | N20: 0 | O20: 0 | P20: 0 | Q20: 37.3 | R20: 17.3 | S20: 11 | T20: 206.2 | U20: 2054 | V20: 149 | W20: 4 | X20: 0 | Y20: 2 | Z20: 0 | AA20: 5 | AB20: 1 | AC20: =SUM(W20:AB20) -> 12 | AD20: 17 | AE20: 0 | AF20: 7 | AG20: 0 | AH20: 14.5 | AI20: 3.5 | AJ20: =SUM(AD20:AI20) -> 42
B21: 46345 | C21: 0 | D21: 0 | E21: 0 | F21: 0 | G21: 0 | H21: 1 | I21: 1 | J21: 1 | K21: 0 | L21: 0 | M21: 0 | N21: 0 | O21: 0 | P21: 0 | Q21: 47.4 | R21: 0 | S21: 8 | T21: 145.13 | U21: 1867 | V21: 93 | W21: 2 | X21: 1 | Y21: 1 | Z21: 1 | AA21: 3 | AB21: 1 | AC21: =SUM(W21:AB21) -> 9 | AD21: 8.5 | AE21: 3.5 | AF21: 2.5 | AG21: 2 | AH21: 8.5 | AI21: 3 | AJ21: =SUM(AD21:AI21) -> 28
B22: 46346 | C22: 1 | D22: 1 | E22: 0 | F22: 1 | G22: 0 | H22: 1 | I22: 1 | J22: 0 | K22: 1 | L22: 0 | M22: 0 | N22: 1 | O22: 1 | P22: 1 | Q22: 32.6 | R22: 19.7 | S22: 16 | T22: 383.48 | U22: 495 | V22: 77 | W22: 2 | X22: 0 | Y22: 2 | Z22: 2 | AA22: 1 | AB22: 3 | AC22: =SUM(W22:AB22) -> 10 | AD22: 7 | AE22: 0 | AF22: 9 | AG22: 10.5 | AH22: 4 | AI22: 9 | AJ22: =SUM(AD22:AI22) -> 39.5
A23: TOTAL | C23: =SUM(C18:C22) -> 4 | D23: =SUM(D18:D22) -> 3 | E23: =SUM(E18:E22) -> 1 | F23: =SUM(F18:F22) -> 2 | G23: =SUM(G18:G22) -> 0 | H23: =SUM(H18:H22) -> 6 | I23: =SUM(I18:I22) -> 4 | J23: =SUM(J18:J22) -> 1 | ... AJ23: =SUM(AJ18:AJ22) -> 194.5
A24: WEEK 4 | B24: 46349 | C24: 2 | D24: 1 | E24: 0 | F24: 1 | G24: 0 | H24: 0 | I24: 0 | J24: 0 | K24: 0 | L24: 0 | M24: 0 | N24: 1 | O24: 0 | P24: 1 | Q24: 0 | R24: 0 | S24: 13 | T24: 376.57 | U24: 1792 | V24: 243 | W24: 4 | X24: 0 | Y24: 1 | Z24: 0 | AA24: 3 | AB24: 4 | AC24: =SUM(W24:AB24) -> 12 | AD24: 15 | AE24: 0 | AF24: 5 | AG24: 0 | AH24: 12 | AI24: 8.5 | AJ24: =SUM(AD24:AI24) -> 40.5
B25: 46350 | C25: 2 | D25: 2 | E25: 0 | F25: 2 | G25: 0 | H25: 0 | I25: 0 | J25: 0 | K25: 0 | L25: 0 | M25: 1 | N25: 0 | O25: 0 | P25: 0 | Q25: 9.9 | R25: 17.7 | S25: 13 | T25: 224.83 | U25: 1517 | V25: 206 | W25: 4 | X25: 1 | Y25: 0 | Z25: 2 | AA25: 4 | AB25: 2 | AC25: =SUM(W25:AB25) -> 13 | AD25: 17 | AE25: 4.5 | AF25: 0 | AG25: 5.5 | AH25: 14 | AI25: 5.5 | AJ25: =SUM(AD25:AI25) -> 46.5
B26: 46351 | C26: 4 | D26: 4 | E26: 1 | F26: 3 | G26: 0 | H26: 2 | I26: 1 | J26: 1 | K26: 0 | L26: 0 | M26: 1 | N26: 0 | O26: 1 | P26: 1 | Q26: 0 | R26: 0 | S26: 18 | T26: 281.96 | U26: 404 | V26: 20 | W26: 1 | X26: 0 | Y26: 1 | Z26: 2 | AA26: 1 | AB26: 4 | AC26: =SUM(W26:AB26) -> 9 | AD26: 4 | AE26: 0 | AF26: 4.5 | AG26: 10.5 | AH26: 3 | AI26: 17 | AJ26: =SUM(AD26:AI26) -> 39
B27: 46352 | C27: 0 | D27: 0 | E27: 0 | F27: 0 | G27: 0 | H27: 2 | I27: 2 | J27: 1 | K27: 1 | L27: 0 | M27: 2 | N27: 0 | O27: 0 | P27: 0 | Q27: 38.1 | R27: 21.9 | S27: 11 | T27: 274.07 | U27: 925 | V27: 54 | W27: 2 | X27: 1 | Y27: 2 | Z27: 0 | AA27: 1 | AB27: 3 | AC27: =SUM(W27:AB27) -> 9 | AD27: 7 | AE27: 3 | AF27: 8.5 | AG27: 0 | AH27: 3.5 | AI27: 11 | AJ27: =SUM(AD27:AI27) -> 33
B28: 46353 | C28: 3 | D28: 2 | E28: 1 | F28: 1 | G28: 0 | H28: 3 | I28: 3 | J28: 1 | K28: 2 | L28: 0 | M28: 2 | N28: 0 | O28: 0 | P28: 0 | Q28: 16.6 | R28: 9.6 | S28: 21 | T28: 353.66 | U28: 1645 | V28: 87 | W28: 4 | X28: 1 | Y28: 2 | Z28: 0 | AA28: 1 | AB28: 3 | AC28: =SUM(W28:AB28) -> 11 | AD28: 13 | AE28: 4.5 | AF28: 11 | AG28: 0 | AH28: 3 | AI28: 10 | AJ28: =SUM(AD28:AI28) -> 41.5
A29: TOTAL | C29: =SUM(C24:C28) -> 11 | D29: =SUM(D24:D28) -> 9 | E29: =SUM(E24:E28) -> 2 | F29: =SUM(F24:F28) -> 7 | G29: =SUM(G24:G28) -> 0 | H29: =SUM(H24:H28) -> 7 | I29: =SUM(I24:I28) -> 6 | J29: =SUM(J24:J28) -> 3 | ... AJ29: =SUM(AJ24:AJ28) -> 200.5
A30: WEEK 5 | B30: 46356 | C30: 1 | D30: 1 | E30: 0 | F30: 1 | G30: 0 | H30: 0 | I30: 0 | J30: 0 | K30: 0 | L30: 0 | M30: 1 | N30: 0 | O30: 0 | P30: 0 | Q30: 0 | R30: 0 | S30: 13 | T30: 219.3 | U30: 450 | V30: 46 | W30: 4 | X30: 1 | Y30: 0 | Z30: 0 | AA30: 5 | AB30: 1 | AC30: =SUM(W30:AB30) -> 11 | AD30: 17.5 | AE30: 2.5 | AF30: 0 | AG30: 0 | AH30: 23 | AI30: 5 | AJ30: =SUM(AD30:AI30) -> 48
AC31: =SUM(W31:AB31) -> 0 | AJ31: =SUM(AD31:AI31) -> 0
AC32: =SUM(W32:AB32) -> 0 | AJ32: =SUM(AD32:AI32) -> 0
AC33: =SUM(W33:AB33) -> 0 | AJ33: =SUM(AD33:AI33) -> 0
AC34: =SUM(W34:AB34) -> 0 | AJ34: =SUM(AD34:AI34) -> 0
A35: TOTAL | C35: =SUM(C30:C30) -> 1 | D35: =SUM(D30:D30) -> 1 | E35: =SUM(E30:E30) -> 0 | F35: =SUM(F30:F30) -> 1 | G35: =SUM(G30:G30) -> 0 | H35: =SUM(H30:H30) -> 0 | I35: =SUM(I30:I30) -> 0 | J35: =SUM(J30:J30) -> 0 | ... AJ35: =SUM(AJ30:AJ30) -> 48
A36: NOVEMBER-GRAND TOTAL | C36: =C11+C17+C23+C29+C35 -> 35 | D36: =D11+D17+D23+D29+D35 -> 29 | E36: =E11+E17+E23+E29+E35 -> 9 | F36: =F11+F17+F23+F29+F35 -> 20 | G36: =G11+G17+G23+G29+G35 -> 0 | H36: =H11+H17+H23+H29+H35 -> 27 | I36: =I11+I17+I23+I29+I35 -> 22 | J36: =J11+J17+J23+J29+J35 -> 7 | ... AJ36: =AJ11+AJ17+AJ23+AJ29+AJ35 -> 832

Sheet December
E1: MONTHLY OPERATIONS REPORT - YFS - WELLINGTON HUB
C4: Interview Styling | H4: Confidence Styling | M4: WEV Program | Q4: Donations(kg) | S4: Terrace Income | U4: Marketing | W4: Volunteer Count by category | AD4: Volunteer Hours by category
A5: DECEMBER | B5: Date | C5: Registrations | D5: Completed | E5: Male | F5: Female | G5: Non-Binary | H5: Registrations | I5: Completed | J5: Male | K5: Female | L5: Non-Binary | M5: Registrations | N5: Onboarded | O5: Offboarded | P5: Employed | Q5: Donations Received | R5: Re-Donations | S5: Customers Purchased | T5: Total Income | U5: Social Media Outreach | V5: Social Media Engagement | W5: Retail | X5: HR | Y5: Business Supprt | Z5: Marketing | AA5: Stylist | AB5: Clothing Management | AC5: Total | AD5: Retail | AE5: HR | AF5: Business Support | AG5: Marketing | AH5: Stylist | AI5: Clothing Management | AJ5: Total
A6: WEEK 1 | AC6: =SUM(W6:AB6) -> 0 | AJ6: =SUM(AD6:AI6) -> 0
B7: 46357 | C7: 2 | D7: 1 | E7: 1 | F7: 0 | G7: 0 | H7: 2 | I7: 2 | J7: 0 | K7: 2 | L7: 0 | M7: 2 | N7: 1 | O7: 0 | P7: 0 | Q7: 36.2 | R7: 15.9 | S7: 14 | T7: 282.41 | U7: 1561 | V7: 224 | W7: 3 | X7: 1 | Y7: 0 | Z7: 0 | AA7: 4 | AB7: 4 | AC7: =SUM(W7:AB7) -> 12 | AD7: 6.5 | AE7: 2.5 | AF7: 0 | AG7: 0 | AH7: 13.5 | AI7: 12 | AJ7: =SUM(AD7:AI7) -> 34.5
B8: 46358 | C8: 1 | D8: 1 | E8: 0 | F8: 1 | G8: 0 | H8: 2 | I8: 2 | J8: 0 | K8: 2 | L8: 0 | M8: 0 | N8: 1 | O8: 1 | P8: 0 | Q8: 0 | R8: 9.6 | S8: 12 | T8: 311.49 | U8: 799 | V8: 44 | W8: 3 | X8: 0 | Y8: 2 | Z8: 2 | AA8: 2 | AB8: 2 | AC8: =SUM(W8:AB8) -> 11 | AD8: 7.5 | AE8: 0 | AF8: 7 | AG8: 7.5 | AH8: 10.5 | AI8: 7.5 | AJ8: =SUM(AD8:AI8) -> 40
B9: 46359 | C9: 2 | D9: 1 | E9: 0 | F9: 1 | G9: 0 | H9: 3 | I9: 3 | J9: 0 | K9: 3 | L9: 0 | M9: 1 | N9: 1 | O9: 0 | P9: 1 | Q9: 9.6 | R9: 18.5 | S9: 17 | T9: 369.54 | U9: 1178 | V9: 78 | W9: 3 | X9: 1 | Y9: 1 | Z9: 1 | AA9: 5 | AB9: 2 | AC9: =SUM(W9:AB9) -> 13 | AD9: 14 | AE9: 2.5 | AF9: 4.5 | AG9: 4 | AH9: 11.5 | AI9: 7.5 | AJ9: =SUM(AD9:AI9) -> 44
B10: 46360 | C10: 1 | D10: 1 | E10: 0 | F10: 1 | G10: 0 | H10: 2 | I10: 2 | J10: 1 | K10: 1 | L10: 0 | M10: 1 | N10: 0 | O10: 1 | P10: 0 | Q10: 32.4 | R10: 0 | S10: 8 | T10: 109.64 | U10: 1277 | V10: 138 | W10: 4 | X10: 0 | Y10: 1 | Z10: 0 | AA10: 1 | AB10: 2 | AC10: =SUM(W10:AB10) -> 8 | AD10: 17 | AE10: 0 | AF10: 4 | AG10: 0 | AH10: 5 | AI10: 10 | AJ10: =SUM(AD10:AI10) -> 36
A11: TOTAL | C11: =SUM(C7:C10) -> 6 | D11: =SUM(D7:D10) -> 4 | E11: =SUM(E7:E10) -> 1 | F11: =SUM(F7:F10) -> 3 | G11: =SUM(G7:G10) -> 0 | H11: =SUM(H7:H10) -> 9 | I11: =SUM(I7:I10) -> 9 | J11: =SUM(J7:J10) -> 1 | ... AJ11: =SUM(AJ7:AJ10) -> 154.5
A12: WEEK 2 | B12: 46363 | C12: 0 | D12: 0 | E12: 0 | F12: 0 | G12: 0 | H12: 3 | I12: 3 | J12: 0 | K12: 3 | L12: 0 | M12: 0 | N12: 0 | O12: 0 | P12: 0 | Q12: 48.4 | R12: 0 | S12: 15 | T12: 246.52 | U12: 1471 | V12: 121 | W12: 2 | X12: 2 | Y12: 2 | Z12: 1 | AA12: 3 | AB12: 3 | AC12: =SUM(W12:AB12) -> 13 | AD12: 10.5 | AE12: 4.5 | AF12: 7.5 | AG12: 3.5 | AH12: 15 | AI12: 9 | AJ12: =SUM(AD12:AI12) -> 50
B13: 46364 | C13: 0 | D13: 0 | E13: 0 | F13: 0 | G13: 0 | H13: 2 | I13: 1 | J13: 1 | K13: 0 | L13: 0 | M13: 1 | N13: 1 | O13: 0 | P13: 0 | Q13: 23 | R13: 0 | S13: 4 | T13: 90.23 | U13: 1110 | V13: 83 | W13: 2 | X13: 1 | Y13: 1 | Z13: 0 | AA13: 2 | AB13: 1 | AC13: =SUM(W13:AB13) -> 7 | AD13: 9 | AE13: 5.5 | AF13: 2 | AG13: 0 | AH13: 5.5 | AI13: 2 | AJ13: =SUM(AD13:AI13) -> 24
B14: 46365 | C14: 1 | D14: 1 | E14: 1 | F14: 0 | G14: 0 | H14: 2 | I14: 2 | J14: 0 | K14: 2 | L14: 0 | M14: 0 | N14: 0 | O14: 0 | P14: 0 | Q14: 39.5 | R14: 0 | S14: 5 | T14: 170.77 | U14: 735 | V14: 92 | W14: 2 | X14: 0 | Y14: 2 | Z14: 0 | AA14: 3 | AB14: 4 | AC14: =SUM(W14:AB14) -> 11 | AD14: 7 | AE14: 0 | AF14: 10.5 | AG14: 0 | AH14: 6 | AI14: 10 | AJ14: =SUM(AD14:AI14) -> 33.5
B15: 46366 | C15: 2 | D15: 1 | E15: 0 | F15: 1 | G15: 0 | H15: 3 | I15: 2 | J15: 1 | K15: 1 | L15: 0 | M15: 1 | N15: 1 | O15: 0 | P15: 0 | Q15: 25.7 | R15: 0 | S15: 10 | T15: 201.51 | U15: 431 | V15: 9 | W15: 2 | X15: 2 | Y15: 1 | Z15: 0 | AA15: 4 | AB15: 3 | AC15: =SUM(W15:AB15) -> 12 | AD15: 8.5 | AE15: 8.5 | AF15: 3 | AG15: 0 | AH15: 19 | AI15: 13.5 | AJ15: =SUM(AD15:AI15) -> 52.5
B16: 46367 | C16: 1 | D16: 1 | E16: 1 | F16: 0 | G16: 0 | H16: 2 | I16: 2 | J16: 0 | K16: 2 | L16: 0 | M16: 1 | N16: 0 | O16: 0 | P16: 0 | Q16: 17.1 | R16: 0 | S16: 13 | T16: 164.24 | U16: 1204 | V16: 155 | W16: 3 | X16: 1 | Y16: 2 | Z16: 1 | AA16: 4 | AB16: 2 | AC16: =SUM(W16:AB16) -> 13 | AD16: 7.5 | AE16: 5.5 | AF16: 6 | AG16: 3 | AH16: 13 | AI16: 10.5 | AJ16: =SUM(AD16:AI16) -> 45.5
A17: TOTAL | C17: =SUM(C12:C16) -> 4 | D17: =SUM(D12:D16) -> 3 | E17: =SUM(E12:E16) -> 2 | F17: =SUM(F12:F16) -> 1 | G17: =SUM(G12:G16) -> 0 | H17: =SUM(H12:H16) -> 12 | I17: =SUM(I12:I16) -> 10 | J17: =SUM(J12:J16) -> 2 | ... AJ17: =SUM(AJ12:AJ16) -> 205.5
A18: WEEK 3 | B18: 46370 | C18: 2 | D18: 2 | E18: 1 | F18: 1 | G18: 0 | H18: 0 | I18: 0 | J18: 0 | K18: 0 | L18: 0 | M18: 0 | N18: 0 | O18: 1 | P18: 0 | Q18: 36.5 | R18: 0 | S18: 15 | T18: 389.66 | U18: 1085 | V18: 109 | W18: 3 | X18: 1 | Y18: 0 | Z18: 0 | AA18: 2 | AB18: 1 | AC18: =SUM(W18:AB18) -> 7 | AD18: 10.5 | AE18: 3.5 | AF18: 0 | AG18: 0 | AH18: 8 | AI18: 3 | AJ18: =SUM(AD18:AI18) -> 25
B19: 46371 | C19: 0 | D19: 0 | E19: 0 | F19: 0 | G19: 0 | H19: 1 | I19: 0 | J19: 0 | K19: 0 | L19: 0 | M19: 0 | N19: 0 | O19: 0 | P19: 0 | Q19: 18.6 | R19: 3.2 | S19: 6 | T19: 115.35 | U19: 993 | V19: 57 | W19: 3 | X19: 0 | Y19: 0 | Z19: 2 | AA19: 2 | AB19: 1 | AC19: =SUM(W19:AB19) -> 8 | AD19: 10 | AE19: 0 | AF19: 0 | AG19: 8 | AH19: 6.5 | AI19: 4 | AJ19: =SUM(AD19:AI19) -> 28.5
B20: 46372 | C20: 0 | D20: 0 | E20: 0 | F20: 0 | G20: 0 | H20: 2 | I20: 1 | J20: 1 | K20: 0 | L20: 0 | M20: 0 | N20: 1 | O20: 0 | P20: 0 | Q20: 21.2 | R20: 0 | S20: 6 | T20: 146.23 | U20: 1555 | V20: 242 | W20: 1 | X20: 1 | Y20: 2 | Z20: 0 | AA20: 4 | AB20: 3 | AC20: =SUM(W20:AB20) -> 11 | AD20: 2 | AE20: 5 | AF20: 6 | AG20: 0 | AH20: 12.5 | AI20: 10.5 | AJ20: =SUM(AD20:AI20) -> 36
B21: 46373 | C21: 4 | D21: 4 | E21: 1 | F21: 3 | G21: 0 | H21: 2 | I21: 1 | J21: 0 | K21: 1 | L21: 0 | M21: 2 | N21: 0 | O21: 0 | P21: 0 | Q21: 30.2 | R21: 0 | S21: 4 | T21: 85.17 | U21: 312 | V21: 10 | W21: 3 | X21: 1 | Y21: 2 | Z21: 0 | AA21: 3 | AB21: 2 | AC21: =SUM(W21:AB21) -> 11 | AD21: 13 | AE21: 5 | AF21: 7 | AG21: 0 | AH21: 11.5 | AI21: 10 | AJ21: =SUM(AD21:AI21) -> 46.5
B22: 46374 | C22: 1 | D22: 1 | E22: 1 | F22: 0 | G22: 0 | H22: 3 | I22: 2 | J22: 1 | K22: 1 | L22: 0 | M22: 0 | N22: 1 | O22: 0 | P22: 0 | Q22: 24.1 | R22: 0 | S22: 13 | T22: 326.58 | U22: 254 | V22: 20 | W22: 1 | X22: 0 | Y22: 1 | Z22: 0 | AA22: 1 | AB22: 4 | AC22: =SUM(W22:AB22) -> 7 | AD22: 4 | AE22: 0 | AF22: 5.5 | AG22: 0 | AH22: 4.5 | AI22: 9.5 | AJ22: =SUM(AD22:AI22) -> 23.5
A23: TOTAL | C23: =SUM(C18:C22) -> 7 | D23: =SUM(D18:D22) -> 7 | E23: =SUM(E18:E22) -> 3 | F23: =SUM(F18:F22) -> 4 | G23: =SUM(G18:G22) -> 0 | H23: =SUM(H18:H22) -> 8 | I23: =SUM(I18:I22) -> 4 | J23: =SUM(J18:J22) -> 2 | ... AJ23: =SUM(AJ18:AJ22) -> 159.5
A24: WEEK 4 | B24: 46377 | C24: 1 | D24: 1 | E24: 1 | F24: 0 | G24: 0 | H24: 0 | I24: 0 | J24: 0 | K24: 0 | L24: 0 | M24: 0 | N24: 0 | O24: 0 | P24: 1 | Q24: 22.3 | R24: 2.4 | S24: 11 | T24: 201.71 | U24: 320 | V24: 42 | W24: 4 | X24: 2 | Y24: 1 | Z24: 2 | AA24: 4 | AB24: 1 | AC24: =SUM(W24:AB24) -> 14 | AD24: 12.5 | AE24: 6 | AF24: 5.5 | AG24: 8.5 | AH24: 11 | AI24: 2.5 | AJ24: =SUM(AD24:AI24) -> 46
B25: 46378 | C25: 1 | D25: 0 | E25: 0 | F25: 0 | G25: 0 | H25: 1 | I25: 0 | J25: 0 | K25: 0 | L25: 0 | M25: 2 | N25: 1 | O25: 0 | P25: 0 | Q25: 0 | R25: 0 | S25: 18 | T25: 388.67 | U25: 1199 | V25: 174 | W25: 1 | X25: 0 | Y25: 1 | Z25: 0 | AA25: 5 | AB25: 3 | AC25: =SUM(W25:AB25) -> 10 | AD25: 5 | AE25: 0 | AF25: 3.5 | AG25: 0 | AH25: 26 | AI25: 12.5 | AJ25: =SUM(AD25:AI25) -> 47
B26: 46379 | C26: 3 | D26: 3 | E26: 1 | F26: 2 | G26: 0 | H26: 0 | I26: 0 | J26: 0 | K26: 0 | L26: 0 | M26: 2 | N26: 0 | O26: 0 | P26: 0 | Q26: 47.6 | R26: 0 | S26: 6 | T26: 203.56 | U26: 1372 | V26: 35 | W26: 2 | X26: 0 | Y26: 1 | Z26: 2 | AA26: 1 | AB26: 1 | AC26: =SUM(W26:AB26) -> 7 | AD26: 6 | AE26: 0 | AF26: 2.5 | AG26: 8.5 | AH26: 3 | AI26: 5.5 | AJ26: =SUM(AD26:AI26) -> 25.5
B27: 46380 | C27: 1 | D27: 0 | E27: 0 | F27: 0 | G27: 0 | H27: 2 | I27: 2 | J27: 0 | K27: 2 | L27: 0 | M27: 1 | N27: 0 | O27: 0 | P27: 0 | Q27: 30.2 | R27: 0 | S27: 14 | T27: 429.69 | U27: 1229 | V27: 80 | W27: 4 | X27: 1 | Y27: 1 | Z27: 1 | AA27: 5 | AB27: 3 | AC27: =SUM(W27:AB27) -> 15 | AD27: 13 | AE27: 4.5 | AF27: 2 | AG27: 2.5 | AH27: 24 | AI27: 10.5 | AJ27: =SUM(AD27:AI27) -> 56.5
B28: 46381 | C28: 3 | D28: 3 | E28: 0 | F28: 3 | G28: 0 | H28: 3 | I28: 2 | J28: 1 | K28: 1 | L28: 0 | M28: 1 | N28: 0 | O28: 0 | P28: 0 | Q28: 49.9 | R28: 0 | S28: 22 | T28: 301.49 | U28: 680 | V28: 23 | W28: 4 | X28: 1 | Y28: 2 | Z28: 2 | AA28: 5 | AB28: 4 | AC28: =SUM(W28:AB28) -> 18 | AD28: 10.5 | AE28: 2 | AF28: 5.5 | AG28: 10.5 | AH28: 12 | AI28: 18 | AJ28: =SUM(AD28:AI28) -> 58.5
A29: TOTAL | C29: =SUM(C24:C28) -> 9 | D29: =SUM(D24:D28) -> 7 | E29: =SUM(E24:E28) -> 2 | F29: =SUM(F24:F28) -> 5 | G29: =SUM(G24:G28) -> 0 | H29: =SUM(H24:H28) -> 6 | I29: =SUM(I24:I28) -> 4 | J29: =SUM(J24:J28) -> 1 | ... AJ29: =SUM(AJ24:AJ28) -> 233.5
A30: WEEK 5 | B30: 46384 | C30: 1 | D30: 1 | E30: 0 | F30: 1 | G30: 0 | H30: 0 | I30: 0 | J30: 0 | K30: 0 | L30: 0 | M30: 0 | N30: 0 | O30: 0 | P30: 0 | Q30: 39.2 | R30: 7.7 | S30: 3 | T30: 83.46 | U30: 1788 | V30: 144 | W30: 1 | X30: 0 | Y30: 2 | Z30: 1 | AA30: 4 | AB30: 4 | AC30: =SUM(W30:AB30) -> 12 | AD30: 3 | AE30: 0 | AF30: 7.5 | AG30: 3.5 | AH30: 11 | AI30: 21 | AJ30: =SUM(AD30:AI30) -> 46
B31: 46385 | C31: 2 | D31: 1 | E31: 1 | F31: 0 | G31: 0 | H31: 2 | I31: 1 | J31: 1 | K31: 0 | L31: 0 | M31: 0 | N31: 0 | O31: 0 | P31: 0 | Q31: 0 | R31: 0 | S31: 11 | T31: 250.42 | U31: 1490 | V31: 176 | W31: 2 | X31: 1 | Y31: 1 | Z31: 0 | AA31: 3 | AB31: 1 | AC31: =SUM(W31:AB31) -> 8 | AD31: 4.5 | AE31: 3 | AF31: 4 | AG31: 0 | AH31: 7 | AI31: 5 | AJ31: =SUM(AD31:AI31) -> 23.5
B32: 46386 | C32: 1 | D32: 0 | E32: 0 | F32: 0 | G32: 0 | H32: 0 | I32: 0 | J32: 0 | K32: 0 | L32: 0 | M32: 0 | N32: 1 | O32: 0 | P32: 0 | Q32: 0 | R32: 0 | S32: 12 | T32: 322.49 | U32: 1023 | V32: 26 | W32: 4 | X32: 0 | Y32: 1 | Z32: 0 | AA32: 4 | AB32: 4 | AC32: =SUM(W32:AB32) -> 13 | AD32: 11 | AE32: 0 | AF32: 5 | AG32: 0 | AH32: 17 | AI32: 20 | AJ32: =SUM(AD32:AI32) -> 53
B33: 46387 | C33: 3 | D33: 2 | E33: 0 | F33: 2 | G33: 0 | H33: 2 | I33: 2 | J33: 0 | K33: 2 | L33: 0 | M33: 0 | N33: 1 | O33: 0 | P33: 1 | Q33: 12.9 | R33: 0 | S33: 14 | T33: 309.64 | U33: 1880 | V33: 117 | W33: 2 | X33: 0 | Y33: 0 | Z33: 1 | AA33: 3 | AB33: 2 | AC33: =SUM(W33:AB33) -> 8 | AD33: 4.5 | AE33: 0 | AF33: 0 | AG33: 5.5 | AH33: 10.5 | AI33: 7 | AJ33: =SUM(AD33:AI33) -> 27.5
AC34: =SUM(W34:AB34) -> 0 | AJ34: =SUM(AD34:AI34) -> 0
A35: TOTAL | C35: =SUM(C30:C33) -> 7 | D35: =SUM(D30:D33) -> 4 | E35: =SUM(E30:E33) -> 1 | F35: =SUM(F30:F33) -> 3 | G35: =SUM(G30:G33) -> 0 | H35: =SUM(H30:H33) -> 4 | I35: =SUM(I30:I33) -> 3 | J35: =SUM(J30:J33) -> 1 | ... AJ35: =SUM(AJ30:AJ33) -> 150
A36: DECEMBER-GRAND TOTAL | C36: =C11+C17+C23+C29+C35 -> 33 | D36: =D11+D17+D23+D29+D35 -> 25 | E36: =E11+E17+E23+E29+E35 -> 9 | F36: =F11+F17+F23+F29+F35 -> 16 | G36: =G11+G17+G23+G29+G35 -> 0 | H36: =H11+H17+H23+H29+H35 -> 39 | I36: =I11+I17+I23+I29+I35 -> 30 | J36: =J11+J17+J23+J29+J35 -> 7 | ... AJ36: =AJ11+AJ17+AJ23+AJ29+AJ35 -> 903
